index,price_mean
0,18.496737532165437
1,14.518480626729946
2,18.34875980820788
3,16.398196349607808
4,15.480318437284065
5,15.312667712658552
6,14.407588566819065
7,15.525303579601099
8,18.475631468127904
9,16.506465083345432
10,18.828707189209407
11,14.848557552624913
12,17.076486156121064
13,14.91730228998496
14,13.628458480456374
15,15.686097396223593
16,14.609585255876055
17,16.501675309735344
18,18.97001138687024
19,16.22231450331991
20,17.448403690304758
21,19.571011816706747
22,18.094487892170577
23,17.531881782306176
24,15.843781243107216
25,17.543950243884773
26,17.371927782664333
27,17.48261397504084
28,14.940122373719444
29,17.30750808314428
30,17.644870195627306
31,15.277977871630721
32,16.21553487248407
33,19.131721224789235
34,15.479220352270781
35,16.545686487452883
36,17.107122318507976
37,13.90030785358567
38,15.265789735691117
39,21.236253082798246
40,16.103656200809265
41,17.563385439090506
42,15.50919969467909
43,16.820624524768277
44,17.185219803067497
45,16.647376179222015
46,17.989681253083265
47,17.78130049340904
48,16.3957129990097
49,16.996590193808526
50,17.109039802669518
51,17.175841253629955
52,15.923204994076858
53,17.525189327451056
54,17.27326632971037
55,16.881392250623087
56,16.894527073276706
57,17.606905984239077
58,16.281773329995907
59,18.021693677153962
60,18.146547281264027
61,15.50961089310445
62,17.14416275904358
63,20.13467615872614
64,14.647100816482885
65,15.467781503963932
66,15.369958506826315
67,17.978283647383066
68,18.594611907329163
69,18.530231584950776
70,16.640192094366025
71,15.786937386379682
72,17.959575874178583
73,16.66125873461585
74,16.828753945520557
75,15.266940195407248
76,16.46029154556045
77,15.423920479474399
78,17.191532937939076
79,17.49390968807227
80,18.54305054137887
81,17.41552065542326
82,15.584242990719565
83,16.677623128622166
84,19.61180950630041
85,16.95328357696709
86,15.275349853482275
87,15.45056640563981
88,18.15771486548617
89,16.762012911837623
90,15.758905192796263
91,15.562867694586208
92,16.15902798606707
93,16.3171704894471
94,14.764930328650845
95,15.861970483634826
96,16.607394533795553
97,18.080034816204126
98,16.980025904182185
99,17.00575875266445
100,18.023906434336567
101,17.101246456240773
102,17.32971304483158
103,16.036135835585796
104,16.99341305201395
105,16.11706866844858
106,17.939710749275555
107,15.652032454759476
108,17.66580809824758
109,15.394486676211809
110,14.989771881351185
111,16.102077730579698
112,18.42320373738699
113,16.840396152917975
114,17.274808836593017
115,16.095492152938576
116,16.100471590323448
117,17.065427068919092
118,17.741589616541397
119,15.21039715777722
120,16.035738904320084
121,17.00701106119938
122,15.81277076364184
123,16.74875622451735
124,16.401812674375073
125,16.41118215763615
126,17.214585850306317
127,17.584500053923488
128,17.51965863406992
129,16.987520120592006
130,16.004118711315247
131,16.45110697284166
132,16.355806074003375
133,17.633627461055923
134,17.08584692170796
135,16.66327997605529
136,15.741961488613782
137,16.902694520436548
138,16.570240055443087
139,17.666285454144568
140,17.566673846107708
141,15.9763228813366
142,15.78112367270686
143,16.220227059429668
144,16.183699329470628
145,16.17958931766089
146,16.512737778564112
147,17.272271471590617
148,15.85772401781084
149,16.660444293800307
150,17.092223931721577
151,15.655973813100363
152,17.507473569084496
153,16.93167596072541
154,16.50909667071967
155,16.327035991335215
156,15.748487610180167
157,18.80043110168787
158,16.517188256470092
159,16.533422936881397
160,17.863258202960864
161,16.15305654227129
162,18.546931503148222
163,17.619357773058155
164,17.903254066519445
165,16.338459008389535
166,16.022929916395626
167,19.23658240347401
168,17.471699829748243
169,15.231974719778343
170,15.965477602368205
171,16.695203142979338
172,17.36591395484709
173,17.926529821794936
174,16.367270185217798
175,15.552266655732476
176,17.643328950176546
177,16.64045092251508
178,16.48193206141469
179,17.829298473595035
180,16.046527685320644
181,16.73403756939784
182,16.15711269057639
183,16.971638716327035
184,17.004802022695934
185,16.899456071944225
186,16.47268453484278
187,16.068105247321764
188,16.987948666909624
189,16.334828705862265
190,16.224542571829893
191,16.711039020807984
192,14.982034626598695
193,16.10056325253444
194,20.737714885521527
195,16.088936782173118
196,17.836364432920835
197,16.297366843583674
198,16.57429795050244
199,15.089922436604295
200,16.043830490070505
201,16.379766892624055
202,17.43624362337007
203,15.328658795667979
204,16.223755056209285
205,16.40795184883942
206,15.708695377586714
207,16.31649561001559
208,17.899622942187246
209,17.52474292289086
210,17.110765692788753
211,17.035858903072032
212,17.58013250052907
213,18.049075719168336
214,15.501694244792349
215,17.768912692720413
216,17.633676599435397
217,20.404104309613473
218,16.689539032954045
219,14.978438366265172
220,16.41236544106692
221,18.467783684567177
222,16.6581422975696
223,16.146048108374657
224,17.771462461258178
225,15.39303580757242
226,16.25459999191646
227,15.939285329384916
228,18.833282979388365
229,16.222144711348143
230,20.247649016061622
231,21.084286058916064
232,19.878017693268294
233,21.36952105536882
234,19.44701571831325
235,23.300955115689106
236,18.787471436627037
237,21.389396333628135
238,20.021773544569047
239,23.46010432230989
240,21.463489574869335
241,22.864817802672704
242,20.934118629903917
243,21.208602920425037
244,23.63187820770887
245,22.100094511065848
246,20.43950709726917
247,24.091683500645534
248,22.199836366705885
249,19.877539809760542
250,21.707269641672607
251,20.02358780538425
252,19.182224352334607
253,22.164954797550465
254,20.426330503021322
255,18.479820793142817
256,23.352723435064817
257,21.55677137545034
258,20.95385003837876
259,20.51379702149289
260,18.639306803385594
261,22.963629038661885
262,18.97096169031028
263,20.18409219039838
264,21.29247423320611
265,24.235387800635504
266,20.772877522062423
267,20.46427175739667
268,19.824497880753274
269,20.836508240567802
270,18.37769039383355
271,18.387926257099913
272,19.46364094469255
273,19.21772613783207
274,20.863298908152146
275,21.737255672521083
276,20.818038145130096
277,19.71617610933621
278,20.917243050835243
279,19.620368339205744
280,22.527662665164726
281,20.347081468352382
282,21.173772182246385
283,20.131794387057997
284,20.49960462940704
285,20.673790099047178
286,22.014677693269736
287,20.94644180671669
288,20.239484842393217
289,23.761338596078815
290,22.503682339764545
291,18.272166387509387
292,22.892658424611078
293,20.7782856885322
294,21.169721912440394
295,17.764898706455483
296,20.587822918911886
297,19.98972160350049
298,20.002849459057742
299,22.877047860471773
300,20.864316267148574
301,21.55981025163494
302,21.339095401704174
303,19.993007307524906
304,20.12088270302467
305,19.50767477238445
306,19.89837372285928
307,20.39547868037994
308,22.302012056776007
309,21.24399921931053
310,21.122684517295813
311,20.789925917395088
312,20.440867792880567
313,21.534167902119886
314,23.518126303103926
315,19.85811363449037
316,20.814900441819653
317,20.086191003977422
318,21.304840770286013
319,19.441777040209356
320,21.051665870169806
321,21.917717675824953
322,19.895520421857466
323,20.706203437103774
324,24.363234941484336
325,20.94514526887245
326,21.564392948704576
327,20.50159595192819
328,19.191749221614415
329,21.096294052047952
330,20.84311050788233
331,24.20379160209165
332,23.78504418647116
333,20.7395404795831
334,23.86355485572613
335,19.60449355707273
336,21.18044984895335
337,20.262344528664755
338,21.786305991580306
339,23.822535168218618
340,20.217260147407
341,21.785018610811527
342,23.48224758777638
343,21.46838698781122
344,23.862468179551872
345,21.3681808132273
346,20.631697685002027
347,20.87154234770814
348,20.151449342779184
349,18.30188696817794
350,23.180172928235006
351,18.579773158782654
352,20.60554812232696
353,20.478402973369242
354,24.049312656175065
355,21.156749647064487
356,19.43707533321879
357,21.853557481446543
358,23.36903020052967
359,21.483336446585827
360,19.49596597702839
361,20.024511108798396
362,20.335883099625406
363,20.110190089306958
364,19.97136022139973
365,21.52395440475133
366,18.823272172957477
367,19.57381928836507
368,18.503077523279657
369,19.38906444101457
370,21.999172286928598
371,21.756694566892804
372,21.19345316431741
373,19.408688011417567
374,20.567240361336232
375,20.319047957342974
376,21.50861806071755
377,20.37388839929043
378,21.016717937890526
379,19.42662587015074
380,19.950756429262377
381,19.592359515961714
382,19.16749160135212
383,19.872582169531476
384,18.55029831632658
385,21.598934900339355
386,20.496559810808304
387,19.203325169607712
388,23.17003127335211
389,18.558818629455022
390,22.137317227781416
391,19.173443254106203
392,22.903250407230907
393,20.060344677053987
394,20.0568205653135
395,20.120064104318445
396,20.502032030455073
397,21.0335032784554
398,19.226214499992214
399,20.12551258795019
400,20.411049136740676
401,20.520235850382907
402,21.413808411374628
403,19.502577523138868
404,22.913169406719398
405,19.438860981406943
406,20.152914728380935
407,20.223802727686426
408,21.51933136971031
409,18.81778251856142
410,19.760468214686288
411,21.462770288805196
412,20.118022294591167
413,22.150081789661993
414,18.542793061429606
415,20.520459442068603
416,21.81431730985155
417,19.340144248401796
418,19.45310130450821
419,20.775284793708057
420,17.393729972700246
421,20.606859941660332
422,21.394760806855462
423,23.875186181054904
424,19.952729023313157
425,19.239884349141086
426,19.75874547756941
427,23.523130066317144
428,19.194409243852085
429,21.4912948486423
430,21.433276744949787
431,20.561771026001956
432,18.62335653272187
433,18.783080820118425
434,23.69170608712534
435,22.442227152727014
436,18.425736738461335
437,20.380572007218284
438,17.322062836189062
439,20.89388266064038
440,19.63810579777558
441,21.67514172035029
442,20.885416637467813
443,23.209178682763355
444,19.818599561215116
445,20.506273526456926
446,20.74993678348611
447,20.476080427278603
448,20.577691818744118
449,19.5389227418104
450,20.547365277931814
451,20.91069789994411
452,22.165459988938775
453,22.59892784305264
454,19.992634748051884
455,21.232673360969013
456,18.066966709623514
457,18.006420528210512
458,23.38099193158133
459,18.668210550324186
460,12.61332732209002
461,21.501596708350647
462,20.382575673470885
463,20.272348882344662
464,18.388050895092192
465,17.757670313594584
466,20.78832730219791
467,19.763616890551717
468,22.60396459221752
469,20.61691601229633
470,23.329234480550806
471,14.840198573342668
472,20.62638112822668
473,20.374088953168883
474,19.187148343203056
475,17.748445436057143
476,21.505066822238497
477,18.673250899984556
478,19.897519778414914
479,18.006561419446783
480,19.883509373121765
481,18.99174758220682
482,18.419928587255374
483,20.873374964485535
484,20.97596589263942
485,16.23831202758218
486,17.47417401986313
487,17.654027487342447
488,18.97963323567594
489,19.51376174434821
490,18.34784712338142
491,19.35452275762595
492,23.819214964384116
493,16.682436337665393
494,21.8874423620225
495,19.784218239957276
496,20.654081664244945
497,16.636515945734672
498,21.891962616768165
499,17.978577458929657
500,20.648615537515507
501,16.444314824777884
502,17.93821241343618
503,16.976701706364302
504,16.956873567206245
505,17.829982119661263
506,19.634635758300835
507,18.700010221164113
508,19.003759007306158
509,16.510313286048703
510,21.71399928207446
511,18.154922701529934
512,18.5940536922879
513,17.70145401457702
514,20.053055582104072
515,22.747335893814203
516,19.796849464859065
517,21.753009120146558
518,20.811026869319097
519,21.829737412756995
520,20.12910679397202
521,16.811880299612962
522,17.11299879682203
523,18.54233700494283
524,19.914799318900382
525,24.692040789276454
526,14.050916734778326
527,16.396136751240178
528,19.40619119555067
529,18.022562061357878
530,24.004563304837028
531,21.691042428159403
532,19.76907655970257
533,18.960650067942623
534,17.02514956236557
535,18.267961706865208
536,17.477983699093752
537,18.27535850469078
538,18.80227157332442
539,21.441703373889634
540,19.5184556451419
541,19.378767349524864
542,19.67288471829667
543,22.203042405741687
544,18.95338833952326
545,24.257131761091344
546,18.77546905885057
547,20.21312469101165
548,20.763728314365242
549,18.05226306745441
550,17.465804645171467
551,20.789623214711444
552,19.8256403077805
553,16.74225277511869
554,16.465664369517516
555,28.675823498299565
556,21.216543248815857
557,18.502918814265836
558,23.7667849489033
559,17.927534964586954
560,18.25028971930003
561,17.817477326235533
562,18.66216752039293
563,20.836826081112104
564,18.28979493563493
565,22.169397026190843
566,19.83956369192276
567,18.280460886373014
568,20.35907996273082
569,17.286793741815426
570,21.773188631272095
571,20.981308074480193
572,19.12146515478572
573,19.938878654104446
574,17.02645829447407
575,14.06335019937524
576,13.576895659379565
577,13.656796674009147
578,13.784664134262844
579,14.442446254359353
580,13.863813035965437
581,13.623351277706746
582,12.467355113910426
583,13.239711131141338
584,12.784099819772038
585,13.821304517610397
586,13.625889139756792
587,14.590830796763761
588,12.964501044524782
589,11.799353567165964
590,12.956890575778385
591,12.900060593443406
592,13.392893881546726
593,12.394772259279087
594,13.542139692105248
595,12.828873562939595
596,12.72837422575774
597,14.162284411620254
598,13.646258201346736
599,13.396651164197124
600,13.229076280645902
601,12.726579594736636
602,13.898833031072652
603,12.760478180690832
604,11.849385704724028
605,13.276933107875358
606,13.438100548923007
607,13.267627613691852
608,12.84510001842208
609,12.016038646010433
610,12.191679848724089
611,11.907951752032801
612,14.40374385809614
613,12.770610480982013
614,13.509570462462978
615,14.430814386629972
616,14.390447285892549
617,13.137350695122782
618,13.308339150744686
619,12.828873562939595
620,12.69939146968936
621,12.480492283264525
622,13.033556086098159
623,13.486332917661606
624,13.783997027103528
625,12.975326998847951
626,12.656425836638913
627,12.226575451912232
628,14.188962392811447
629,14.658798994125844
630,12.822293249195543
631,14.578856339549368
632,12.813090013189878
633,13.155961683489792
634,12.958685206799487
635,12.918671581810418
636,13.531402583431973
637,12.397563907534138
638,12.910529274399849
639,12.983810041094952
640,13.010457592620444
641,14.478737681675023
642,12.687465841712562
643,11.978816669276412
644,13.657137557257645
645,12.81032904238818
646,12.599174799142304
647,14.972859422819134
648,13.204604039449025
649,12.900060593443406
650,13.649618149924732
651,14.58402270157982
652,14.809547999898623
653,14.080166446715168
654,14.757100775309741
655,12.989044381573173
656,13.364172115845717
657,11.71500590917405
658,12.872144110892892
659,13.112425264274108
660,14.14321645702102
661,13.375637814036104
662,13.71429133450009
663,13.815322414206713
664,12.91401883471866
665,13.30205794217082
666,13.866400374038154
667,12.938714184667198
668,13.661760824830676
669,12.755825433599082
670,13.052604230237293
671,13.573545734974578
672,14.41897103039642
673,12.05495253077782
674,13.028905897522705
675,12.219596331274605
676,15.698687969132521
677,12.787320952374019
678,12.907039714081035
679,13.663616830371716
680,13.352754759126928
681,13.181763280998602
682,13.631472436266897
683,12.475331251782002
684,13.088496850659382
685,14.554112184561411
686,12.710719439197277
687,13.40255727935267
688,12.900060593443406
689,13.428360605583851
690,15.60036141749519
691,16.872686261717927
692,17.20572167579942
693,15.023003925158818
694,15.944096904602027
695,18.009024705835987
696,15.453595406316223
697,15.858422720887962
698,16.78394427678475
699,16.358143126186675
700,16.606363108687347
701,17.339127014878084
702,15.678545244582406
703,15.917342001522998
704,15.031337872648558
705,15.779067307980256
706,14.796184910312387
707,14.819230692569512
708,14.087470951465622
709,15.576304855314506
710,16.493479644223118
711,16.81922723464975
712,13.993383063825622
713,15.91997002932425
714,16.859321504950884
715,15.739889478143143
716,15.423946628170185
717,15.80761795320568
718,15.87423612539834
719,15.825891687939086
720,14.493759557183811
721,14.894702260195182
722,15.926461482611103
723,17.635546577980897
724,15.294186989741053
725,16.477089461413378
726,15.933716636284638
727,15.425951341685245
728,14.25319393537699
729,16.225832034192923
730,16.015950443725487
731,15.311682671327006
732,17.196113375480433
733,15.09298665150262
734,14.72229689790029
735,18.001867217523156
736,15.808851623061098
737,15.063098195459954
738,16.59149177933929
739,17.60507493255203
740,17.01007596128316
741,17.2265850209093
742,15.453453008313957
743,18.340626951721234
744,15.562558248354117
745,15.351776941628142
746,15.137272595517057
747,15.04520998255637
748,15.80083276900087
749,16.656434516354377
750,16.34451107428429
751,15.342300114102416
752,14.94052428339648
753,15.871544482077423
754,16.706963277806565
755,17.234386358112207
756,16.863330931981
757,14.938805957526428
758,16.861994456304295
759,15.491013407582995
760,15.639726701063577
761,16.029765515877028
762,15.051871799775636
763,15.84647753667597
764,16.72916933520412
765,15.883694260956554
766,16.84692873049417
767,15.69658766621792
768,14.747155345486997
769,15.515238197471234
770,14.81305574612741
771,16.891396921191795
772,14.48173127609347
773,16.529314818626144
774,15.247531838845187
775,16.5706427587827
776,15.59234256343496
777,15.718571578276197
778,15.135267882002001
779,15.428528830490317
780,16.952874802320203
781,16.033379536747468
782,17.0972141754043
783,14.896160233660677
784,15.964646501945516
785,14.596859109386735
786,15.254548336147883
787,16.103698718506386
788,16.001304120506553
789,17.245830270653844
790,14.240072174187528
791,17.53116302473165
792,16.273945158554287
793,15.82351170382189
794,16.11480174720516
795,15.473517725997047
796,16.930033218027436
797,16.252075556571846
798,14.561117931289722
799,17.88639219858671
800,15.926843332804445
801,16.977113743057725
802,15.8676565528361
803,17.81891104082476
804,17.555503834725172
805,20.23978787253077
806,19.981364636121974
807,17.77552735515073
808,16.683278641804847
809,16.250821571342872
810,17.70439477939164
811,16.056743336910124
812,16.913622503898495
813,18.722155195141347
814,16.51884856178723
815,19.219747180200635
816,19.71737239195106
817,17.668198377227668
818,18.556918623920915
819,17.660526639899224
820,17.83631420291362
821,17.32297645310492
822,16.29804094499912
823,17.887678062623884
824,17.894229231097164
825,18.53129454111617
826,18.21819712479374
827,18.30489943094413
828,18.051250189862184
829,19.59976651920007
830,15.774188199408584
831,16.446193546288157
832,18.749588110426874
833,16.92963652673833
834,15.81551049224478
835,17.90841550135096
836,20.64762161891199
837,18.976057014522183
838,17.504619041498767
839,17.24177391358883
840,16.01988831897514
841,15.424943029453267
842,17.421708643659116
843,19.465067211348323
844,18.827133326001498
845,19.682684588714398
846,17.602350651558503
847,16.537701320961666
848,18.082774029872734
849,18.14709850245452
850,13.85961726770918
851,18.94986224480634
852,16.535858570064914
853,16.64642362386986
854,15.630863129661426
855,19.914129602201225
856,16.49158376425875
857,17.90081806296347
858,19.979755245989498
859,18.392430098539716
860,16.73241866571816
861,17.31202947873091
862,17.34974021612913
863,16.787701192620634
864,18.531403519267872
865,18.50760202958654
866,20.73963034282108
867,16.27787344452003
868,19.702384483940225
869,17.501460039961486
870,18.823704683413514
871,16.95827377562742
872,18.955125003698587
873,14.995318820382597
874,19.23241738230788
875,17.236103910829602
876,17.60096858838594
877,15.919456659504855
878,16.18880715117715
879,16.64181674662799
880,17.93697867514608
881,17.89539923166653
882,17.634808195762606
883,16.903418476932874
884,18.003916784475095
885,18.231189395074157
886,18.094299328458508
887,16.883348739166188
888,16.654613627855415
889,14.930990061805172
890,17.505429041892945
891,15.458873045964836
892,17.04445781756769
893,16.262769835058677
894,16.545072324548663
895,17.686261629892616
896,16.92020375710117
897,15.545687088211686
898,15.692288159553065
899,16.136595875769256
900,16.397652252808722
901,16.82895288974609
902,20.639050566826427
903,18.185120622655432
904,15.804900714354405
905,15.584538419618147
906,19.078854807578782
907,16.90967375197689
908,17.07762733370917
909,17.569595691397307
910,16.340021777759752
911,17.01530606319369
912,17.10711134805716
913,16.343685976546784
914,17.782786676865193
915,19.3483022545495
916,17.2337792065709
917,17.844699449737895
918,17.223818904851278
919,15.476276804434132
920,18.45916985576059
921,19.183975210779007
922,20.376339457288854
923,19.686676804880083
924,17.28278636371595
925,19.081431105088452
926,17.306467742186513
927,18.758497753513787
928,18.204329819199412
929,20.17406926997165
930,21.296353700729863
931,18.006020677217546
932,20.082629213629428
933,21.327037186059528
934,20.335615165290125
935,20.872242638547203
936,18.813582401364208
937,19.15216510622126
938,19.36441412896265
939,19.150034491132768
940,20.28063587229174
941,20.760963194177478
942,20.157941898089575
943,19.952570882613948
944,25.77607402306112
945,20.213362873056266
946,21.502846207575775
947,17.53884050346732
948,19.22226267913848
949,18.629784038939647
950,18.116189972918377
951,21.86171125820734
952,18.530425780232097
953,20.82637328433729
954,21.03968011149146
955,18.931889611648483
956,19.925545455443974
957,20.784994114823974
958,23.562710512452707
959,20.788923232179126
960,18.836999634590665
961,22.255386092880833
962,19.796791398845215
963,19.063321270785288
964,21.733418849398884
965,19.32347916052296
966,18.954816401106772
967,19.694228363034995
968,18.668104984234116
969,20.636464774314003
970,18.446103955461837
971,20.0992240344351
972,20.98514332812198
973,22.034009348997408
974,18.99650500554672
975,20.294618089650264
976,21.16798866672762
977,19.412990307486005
978,22.4162159240521
979,19.618928680130793
980,18.79147925335882
981,18.227993445331496
982,21.23959343933479
983,18.362118410792966
984,19.533840155332854
985,22.78416009853477
986,19.99364363588176
987,19.458975422784526
988,19.84095380952961
989,19.724301394792487
990,18.589828858748096
991,18.350576280678286
992,20.536242508294173
993,20.271565596966425
994,20.270509036278412
995,17.786839043038913
996,19.820770763458107
997,18.261003701229534
998,18.68134364191445
999,20.049857807367577
1000,19.141318733857876
1001,19.34329577597607
1002,17.833325453581036
1003,19.011455410696254
1004,18.280058139165206
1005,22.0925372795221
1006,18.82559709798148
1007,18.582477452311664
1008,19.936946267061032
1009,19.228400854554923
1010,16.04459148055141
1011,20.739784319917696
1012,25.489264617449376
1013,18.339416129311925
1014,20.140561206409785
1015,20.45879622975569
1016,21.598519107016866
1017,19.991146665789135
1018,21.27736697162238
1019,21.134842603346108
1020,17.08071737424236
1021,20.595319006971124
1022,19.550172530706295
1023,21.216885581193594
1024,19.492739295591253
1025,18.68368884092496
1026,20.141041577549807
1027,19.747628752721763
1028,18.985072342785312
1029,20.003684491458287
1030,20.151203944448838
1031,19.57532219837812
1032,19.11311816571307
1033,20.10121163144352
1034,18.8021497386028
1035,18.084135798698405
1036,16.27645453697799
1037,13.484615690025205
1038,16.841255665306367
1039,17.009680993036483
1040,16.00558448554453
1041,17.641883848548495
1042,15.581251203650972
1043,17.398857648461068
1044,16.552579848665545
1045,16.363091353193195
1046,15.458480619282891
1047,16.107114618881752
1048,15.247505925757164
1049,17.79401245319112
1050,14.556599853501075
1051,15.151673353104794
1052,14.7936179994297
1053,15.500867118492534
1054,15.313074899668202
1055,16.402404771004218
1056,16.95906638826613
1057,14.528250796255394
1058,15.581795699171149
1059,16.07914466924358
1060,16.259980120837056
1061,14.302589607720307
1062,15.7123654199664
1063,17.439023190879162
1064,17.222392524232884
1065,17.373344151198634
1066,15.631096277622127
1067,17.108987241030196
1068,17.579920055449392
1069,14.606714992201045
1070,15.795324960471431
1071,17.22137085501484
1072,14.624927988065497
1073,16.20245079235464
1074,17.301058856585104
1075,17.6044516678832
1076,18.201247136988915
1077,17.715710640508924
1078,15.612241836598256
1079,17.99626169648594
1080,20.119448925329905
1081,13.799690547966227
1082,16.426103535690736
1083,17.693935647764906
1084,16.835167800359493
1085,15.612631676220783
1086,16.165522157678062
1087,16.822605356558984
1088,16.295393861508735
1089,17.489806179208543
1090,17.755305786876733
1091,16.171192892070287
1092,14.764256385623163
1093,16.453075603047047
1094,16.636363060763838
1095,16.14751791691256
1096,20.210951779167633
1097,16.545513944765293
1098,17.017097265829626
1099,14.991345589088017
1100,15.683581285945113
1101,15.696688789991503
1102,16.207874990716903
1103,16.78868857084132
1104,17.393011283645944
1105,16.348356113999145
1106,15.224620535273015
1107,16.818496697215977
1108,16.29676021268658
1109,15.689122445255936
1110,16.988576783763232
1111,16.241590074912295
1112,16.594128812594747
1113,17.324054065822214
1114,15.619094045532327
1115,17.25610760842828
1116,17.700527963255706
1117,17.417327011035354
1118,17.785159900944745
1119,17.58907185831602
1120,17.482199687766816
1121,15.210725833907638
1122,16.998379564214805
1123,15.12056352541541
1124,16.34886534280674
1125,16.44391098629991
1126,17.141489247281203
1127,16.82745193302216
1128,16.89858612729819
1129,16.45589269285906
1130,16.147592430380804
1131,14.39645546712794
1132,16.064098268032406
1133,15.399487775627977
1134,15.997190953695869
1135,17.35791789814212
1136,15.855399110492318
1137,14.87919417265292
1138,15.231469040374794
1139,18.48567183443451
1140,13.827896547287413
1141,15.695917536275495
1142,17.57522123057524
1143,18.288543724951296
1144,16.221101173409266
1145,14.857739119074033
1146,16.791132517354896
1147,15.962674378386756
1148,16.74511870484288
1149,19.067216756026802
1150,21.160500714731942
1151,17.742764416808555
1152,23.366131061565817
1153,17.88900230537342
1154,17.907834325660797
1155,20.66003053459755
1156,19.286243250734902
1157,21.45414801148571
1158,19.688606124179966
1159,16.53900889390363
1160,20.542117962999704
1161,22.462516679271527
1162,17.54248152529355
1163,19.183654227315703
1164,16.704180961191437
1165,20.29845309457583
1166,17.876512391672247
1167,17.87884636222923
1168,20.620789183753757
1169,14.387819844280513
1170,24.157955788452597
1171,18.38393831358544
1172,20.861530764515543
1173,16.289238141300117
1174,18.12754110221775
1175,18.049257057632012
1176,18.850389709192424
1177,19.409860907984726
1178,17.996565124571173
1179,19.03053031478073
1180,20.324750413331728
1181,23.793341516103332
1182,17.79979189401452
1183,18.441589505460236
1184,18.350117275392876
1185,16.74950548459495
1186,18.947170333453194
1187,18.982438145771926
1188,25.13909201495411
1189,15.713672053602767
1190,20.656059971771786
1191,18.02752936986021
1192,20.062505785090348
1193,22.31146152161161
1194,17.051374453337914
1195,21.57991910863574
1196,17.3505341998683
1197,19.02180701782828
1198,19.61115026649719
1199,20.27444735447369
1200,17.96104971233364
1201,20.63707723887635
1202,15.412935164994638
1203,19.793725152278395
1204,21.118114522163122
1205,19.919142488813733
1206,17.27575112609615
1207,16.130602309387818
1208,18.11595094542423
1209,18.28138004388794
1210,20.12715748455006
1211,19.467070350753286
1212,17.560945076250196
1213,21.091001038070388
1214,16.760002410711362
1215,19.2175061809224
1216,18.55192428280142
1217,22.56509569741278
1218,20.820750760609904
1219,20.0482576695922
1220,16.25569770979578
1221,18.06362202934189
1222,18.716993784290803
1223,18.544454804890368
1224,20.500169452229116
1225,19.391553824777276
1226,21.10146718783989
1227,17.06773581536914
1228,21.531363659233556
1229,18.538870294559842
1230,19.05372202512839
1231,18.551070540832267
1232,21.157637963389195
1233,19.598613294767077
1234,17.34029931676978
1235,19.035648910125403
1236,18.59504347275773
1237,21.098156793814482
1238,15.52429250367949
1239,21.324012616860607
1240,19.131277270771125
1241,21.310619450823594
1242,19.011560301718454
1243,18.30157417050402
1244,16.787488711954232
1245,20.27231708701174
1246,18.923936254307446
1247,19.05711819569504
1248,16.89531378653201
1249,17.78472462429815
1250,17.01915355926272
1251,18.235790558538028
1252,18.686853198781233
1253,15.049516670178665
1254,17.241946855770586
1255,17.103626101056832
1256,17.817057604139958
1257,22.784377487655934
1258,19.780096214672813
1259,20.813748643466127
1260,17.171864609708894
1261,16.751314978847706
1262,20.870773912851565
1263,18.33586380371792
1264,19.17319721449064
1265,17.697522653613962
1266,16.557102462611073
1267,17.349746392747118
1268,17.012578883586574
1269,18.043571829312846
1270,17.652452682280842
1271,19.440273147172903
1272,19.70063694349797
1273,18.99788775167883
1274,15.851786196863618
1275,15.355936644884302
1276,17.59349344576877
1277,16.158447676832903
1278,19.509412485064683
1279,18.813669362786303
1280,16.845783514381477
1281,16.172844576132906
1282,17.523831029801013
1283,17.04517282941809
1284,16.90209974836075
1285,16.314998124353178
1286,15.880912611617346
1287,17.252348441206223
1288,18.548494233059067
1289,16.754757957516937
1290,17.24632765852538
1291,17.608664371912862
1292,17.093665611200088
1293,15.761751882631035
1294,19.117707107143378
1295,15.56669711792131
1296,19.18020703688414
1297,17.681854752948347
1298,16.610942639458315
1299,16.164717294270005
1300,16.065564455542553
1301,18.54926179284645
1302,18.155679141662873
1303,18.622820114687347
1304,15.983541426280002
1305,17.696359179393713
1306,16.88323451708402
1307,17.278154909488045
1308,18.9693269922149
1309,20.16197135064719
1310,15.07214467478316
1311,16.754757957516937
1312,16.21760714393168
1313,16.683828952167943
1314,16.344648034392584
1315,17.023500077783673
1316,17.04299597563271
1317,17.24265295231643
1318,16.735252481045965
1319,17.42574634811841
1320,16.402338795471977
1321,15.548964866584058
1322,15.521036570727894
1323,17.73393287635978
1324,17.504635164067675
1325,16.05373288445581
1326,19.799239470122277
1327,16.134483805739997
1328,15.925775207500584
1329,16.332139300645853
1330,16.80156290345638
1331,17.098763633459548
1332,16.113515418533698
1333,19.858154946642685
1334,16.635872494850428
1335,15.043152397189056
1336,17.428257277134232
1337,15.146837210226593
1338,18.715058342849723
1339,16.69840880326746
1340,16.22871487456338
1341,15.233330792781041
1342,18.500498101669017
1343,18.328091245814026
1344,17.732620245507132
1345,15.304259798130037
1346,18.199893837635624
1347,17.23751850017352
1348,20.172117435231403
1349,16.587366758576582
1350,16.993700044286353
1351,14.522464539172251
1352,18.072127829941113
1353,18.59981030603179
1354,17.57832251962468
1355,16.50768858888461
1356,18.123331476724086
1357,17.573987969297796
1358,18.07417838076914
1359,17.697522653613962
1360,15.732578281621644
1361,18.30869424970445
1362,16.632848729573354
1363,16.593408102360335
1364,18.202497766695817
1365,16.537151989572397
1366,18.178313046914926
1367,16.528494430453648
1368,16.983272266655774
1369,17.47862786210638
1370,16.79698223031853
1371,16.83632631366828
1372,17.077398013147207
1373,16.57920866927818
1374,17.222889392820285
1375,16.830179133204698
1376,14.677424713358313
1377,16.609798809227613
1378,15.93552794573607
1379,16.776430709151352
1380,23.707102360106006
1381,20.632287587957492
1382,22.66225186170071
1383,24.493942237138253
1384,19.783617361650688
1385,21.792016562018347
1386,19.398591616862333
1387,19.36938745431305
1388,23.735460022707702
1389,20.779700560537513
1390,20.829275568555882
1391,19.07643097027104
1392,20.876377121205813
1393,19.358634683958517
1394,19.461837878769828
1395,21.31315097186943
1396,20.04994027247908
1397,22.548783251885467
1398,24.49220100364658
1399,23.94398787925382
1400,21.50946530209806
1401,24.765524869257945
1402,23.173937444151676
1403,23.818057743090957
1404,22.839640411158342
1405,22.78802210486539
1406,24.199702774508204
1407,21.315164507441317
1408,19.08285441874602
1409,19.30520563313717
1410,23.538785490052135
1411,21.230229018779166
1412,20.04318876355902
1413,23.643062978261675
1414,20.161858479160237
1415,21.283334252365616
1416,20.36472037138571
1417,20.250929412764627
1418,19.83760961455614
1419,23.31840670931571
1420,21.56227422811257
1421,24.79746821828632
1422,20.048392378562372
1423,21.685620700579726
1424,22.022881834695873
1425,22.468013219037992
1426,24.3251506630842
1427,22.592617156882778
1428,19.984782154615235
1429,19.448990981819865
1430,21.026275520589003
1431,21.944449061296407
1432,20.76543403434993
1433,21.230795188775318
1434,21.52290180169084
1435,21.19373436776486
1436,21.932076547465712
1437,24.644608580865686
1438,21.961059480604877
1439,21.176314671728058
1440,22.838304677147413
1441,19.98573290366136
1442,24.849183764772512
1443,25.177400442916216
1444,24.390660050377317
1445,21.0187606588002
1446,22.418602435382027
1447,22.13045250206772
1448,23.458660432815353
1449,20.993187995204995
1450,20.7347169115004
1451,20.83645585241549
1452,26.356307313269934
1453,21.45111091657688
1454,21.97128091121612
1455,22.014294721656434
1456,22.128107952715926
1457,20.2634842484473
1458,21.80731420763386
1459,21.613650640805968
1460,23.794114276079856
1461,22.64314082738383
1462,19.43776261142626
1463,20.89945562670463
1464,21.387165087304286
1465,22.251770740693853
1466,19.998389976507806
1467,20.55849120256368
1468,22.186648183823245
1469,22.843585618943425
1470,20.982148559108666
1471,21.274007933689347
1472,23.58438504139526
1473,21.817974668674033
1474,20.21209666064746
1475,20.77219775038287
1476,22.54397287081854
1477,22.65251775373929
1478,20.862391372437944
1479,21.11753255888366
1480,22.64576849738544
1481,20.518394220039998
1482,22.09387080223846
1483,21.672293841222803
1484,22.6628490894856
1485,20.48801057967378
1486,21.769989701771223
1487,21.49832475180051
1488,21.127060946149676
1489,20.271192386617273
1490,19.815127544893713
1491,20.482526546472506
1492,25.45162270664711
1493,24.175113910465306
1494,21.775425475837217
1495,21.637360288185896
1496,21.024060029839067
1497,24.320811288686645
1498,22.15423142229252
1499,19.362580299616106
1500,20.9928967363938
1501,21.935371926233156
1502,21.270183743176986
1503,21.70302199766781
1504,21.7948789439371
1505,21.063601848988185
1506,22.859441332861444
1507,21.943080450201386
1508,21.426928089891767
1509,20.175689094451492
1510,20.81861691036685
1511,21.77238710255416
1512,21.952625690112136
1513,21.48259510880674
1514,21.775400600716118
1515,21.278411031591016
1516,20.343961406930255
1517,21.684235615094423
1518,21.59513507334305
1519,23.278304815705457
1520,23.60190292579483
1521,20.89418316286635
1522,20.16103571604425
1523,21.030469501540576
1524,19.96465539687712
1525,21.72751845203585
1526,23.35484635553825
1527,22.730938797117805
1528,20.470635300853658
1529,22.422949232949822
1530,22.529462212613808
1531,20.82381929323332
1532,23.456074771109257
1533,24.88162835422128
1534,20.00473301303368
1535,21.202051795710837
1536,20.92902303564429
1537,20.774223243239582
1538,20.287280206937407
1539,24.35426528996088
1540,24.39259496441366
1541,22.700653695356003
1542,23.427062091255635
1543,21.718051103726516
1544,21.462265183426787
1545,21.387688726434472
1546,20.10564272514215
1547,25.67417219460173
1548,22.09284090021361
1549,20.633913987747167
1550,20.61090695740161
1551,22.18762036112959
1552,22.78419830394837
1553,20.94063643578056
1554,22.205637432414154
1555,23.012308361688632
1556,22.62661622452122
1557,20.526764233650123
1558,21.92716617298118
1559,21.653551328995594
1560,22.00931066538228
1561,22.289987278406176
1562,19.60968222520475
1563,21.43962991163681
1564,22.58334404932461
1565,25.159418630837653
1566,21.5662392161643
1567,21.093629260292055
1568,23.210114891011113
1569,21.154213387013222
1570,21.148122848558362
1571,20.937598683488027
1572,20.051698969467143
1573,21.062292603306627
1574,22.863422984066847
1575,21.353595281802825
1576,20.95006378412648
1577,21.072891781713622
1578,21.379395482759918
1579,22.062370982179022
1580,21.807953512858138
1581,23.689436829159202
1582,22.15464812667841
1583,20.80223713786949
1584,21.637440443957075
1585,22.56464337683973
1586,23.431698767705228
1587,20.380460664501406
1588,21.837533180505663
1589,22.00610842582006
1590,22.881876954623458
1591,22.71748665663068
1592,24.19621296643863
1593,21.95816981794365
1594,22.13670400313589
1595,23.4337455918782
1596,22.8012161822341
1597,22.129174846942142
1598,21.139430520466217
1599,21.347333154278356
1600,21.68715129650495
1601,21.302017765224203
1602,22.058047341763494
1603,21.34232345225879
1604,21.145719876737928
1605,20.048052201085248
1606,21.258589861360264
1607,22.33424445213359
1608,21.94713532945376
1609,22.01772052272764
1610,25.673882365752704
1611,27.84688990674353
1612,27.935989922468266
1613,30.117437542874764
1614,24.016083452991282
1615,29.038938492228304
1616,24.709617592965927
1617,27.576160704684675
1618,24.930671436536997
1619,29.77942142507807
1620,26.654715899904623
1621,26.73439948789829
1622,29.22116313761307
1623,27.21734033323596
1624,28.600106712990865
1625,27.482154225795355
1626,27.029581353235102
1627,32.607742806063975
1628,27.107827949838324
1629,24.617858623938364
1630,25.266933990108786
1631,33.756069444815054
1632,29.257626106068265
1633,25.88129476366154
1634,27.764431975074405
1635,24.002330973322827
1636,28.161814707220813
1637,26.45714859414262
1638,25.881844132842264
1639,25.469812117792962
1640,24.641196165193932
1641,24.922996975854883
1642,26.998441193069226
1643,27.219160990317647
1644,27.459204271803465
1645,25.393831870685915
1646,24.98775865283908
1647,25.345799487523465
1648,24.735594815175414
1649,24.748907894065766
1650,24.789299792392708
1651,24.68578799617128
1652,29.014075751500204
1653,24.380836720561526
1654,27.874286461258357
1655,29.898999059149396
1656,28.87981290361443
1657,27.416617747392955
1658,23.472201590886844
1659,26.30399597965297
1660,29.787072398388624
1661,26.07218572457477
1662,25.998570517207412
1663,28.923689367370315
1664,29.678866522294612
1665,26.971856126401843
1666,26.976771402581676
1667,27.301675868328395
1668,26.813447863008157
1669,25.71684465760954
1670,27.32460011025252
1671,23.764447172115528
1672,26.404013464697318
1673,27.43350425315569
1674,26.133852119595492
1675,32.75329782459906
1676,25.723533680723264
1677,23.09614485434252
1678,25.316664848718123
1679,27.329045233936792
1680,28.968970247253587
1681,25.97677527805361
1682,25.37647641142598
1683,23.15342791015163
1684,29.265651463202666
1685,25.39820765967134
1686,27.08578311701093
1687,30.253506726575317
1688,27.282250052569925
1689,25.296944941723012
1690,28.591275077909863
1691,24.868737192435695
1692,27.536663870807814
1693,28.969013042039844
1694,30.60943127219042
1695,27.74800634484109
1696,26.712022648539065
1697,26.595831902189904
1698,27.95237103463638
1699,24.404903559981335
1700,31.23055411964058
1701,26.177245080386264
1702,26.58552478567664
1703,28.91733899711459
1704,27.37711229774204
1705,23.678522588401854
1706,26.887923961819535
1707,25.794654141750254
1708,23.47373566388427
1709,27.37884467780957
1710,26.59366293608177
1711,28.033044072389103
1712,31.834273929458135
1713,28.58379560959835
1714,24.16847333436487
1715,24.276322683640572
1716,25.36854764516712
1717,35.29092996565072
1718,27.05056536102697
1719,30.946311954219674
1720,24.031086158084147
1721,23.676434935869008
1722,24.97216493209104
1723,27.813754932308225
1724,24.819523805703216
1725,25.79043665636254
1726,27.171288133087423
1727,26.2080254393829
1728,25.711054825814934
1729,25.26974374955917
1730,27.566423095388622
1731,28.90299944915261
1732,26.526535537609725
1733,26.062131056014522
1734,28.531184998704042
1735,25.971795423324732
1736,26.588398760514288
1737,27.76289066748636
1738,30.295706128111085
1739,24.006896394187436
1740,27.650589628197494
1741,25.707063845761862
1742,25.825512556382943
1743,26.447968349891863
1744,24.783043036886212
1745,27.369468335387367
1746,26.683661378229512
1747,25.843642461069837
1748,27.487533056752216
1749,25.33200861004126
1750,25.77051851216601
1751,30.462493487545476
1752,28.229208693291977
1753,24.947062517189803
1754,27.070432678216708
1755,24.057242519254004
1756,28.937239172930056
1757,25.62910525560819
1758,23.648825211852756
1759,26.573516067762
1760,26.81633628823688
1761,26.364551334119167
1762,22.316131790322697
1763,25.764658965616455
1764,24.762754810212776
1765,24.398690556033564
1766,26.80168350285796
1767,22.680405757603175
1768,28.104336693690517
1769,23.501630671003166
1770,28.9429557264316
1771,23.807049834574794
1772,25.45298258820813
1773,27.608751910329712
1774,22.52586990336722
1775,25.148049626497073
1776,27.76574060408008
1777,26.433125643262287
1778,26.89432367326135
1779,24.894844115788764
1780,27.89715633193933
1781,25.696188487340933
1782,27.7986945501575
1783,24.65195573348931
1784,28.272012127197122
1785,25.87656977906536
1786,28.5135038329531
1787,25.946675318219526
1788,26.887782394838414
1789,25.05474839958508
1790,24.972189179532034
1791,26.554808734204137
1792,28.715109164664817
1793,25.008988377185876
1794,28.487539664079314
1795,28.716699632870096
1796,27.996222354017505
1797,25.402481447021948
1798,28.988872413038344
1799,26.995496792107527
1800,25.302766971244
1801,25.752992937635337
1802,23.574164822031342
1803,30.528100588343023
1804,27.14506778303895
1805,25.27057666707214
1806,25.760135021299874
1807,24.779631854392715
1808,27.774540155837173
1809,26.9830630922793
1810,30.771435112127556
1811,25.48476403684369
1812,26.97604156634556
1813,27.43394789882216
1814,29.609381103818123
1815,27.347325767980262
1816,28.132219635245754
1817,26.976866289874813
1818,22.960124287058193
1819,26.656118844078886
1820,23.828805720199068
1821,27.85609591958081
1822,26.69260223613238
1823,27.43499286847804
1824,25.296386873410896
1825,24.604765640798362
1826,27.81608605447053
1827,24.060868500191386
1828,26.07897589842954
1829,24.668196812657513
1830,21.988016064322537
1831,26.529656399664404
1832,29.59076346345129
1833,25.411546399365395
1834,23.41544389333776
1835,26.855053500506994
1836,25.586006863314562
1837,21.127983259116462
1838,29.07114062211425
1839,25.63652203479829
1840,21.359786258087357
1841,26.86524856608677
1842,26.505871404829826
1843,26.99005118367559
1844,27.031829907599665
1845,28.27802637397602
1846,28.752722775026037
1847,26.387859759167466
1848,26.428462418693982
1849,29.085828003787526
1850,26.75100030088987
1851,25.15954581358355
1852,29.353625106081076
1853,26.809017336286605
1854,23.548363447467143
1855,23.572318728879395
1856,26.017065363553318
1857,25.630243408435085
1858,25.124157021345493
1859,27.228701039068074
1860,24.74868658888803
1861,24.18861339469433
1862,23.685952756091364
1863,30.415859754580495
1864,25.368208231215387
1865,25.328706128005248
1866,25.667545202507934
1867,22.122102846460706
1868,23.405860234963484
1869,26.394995808158008
1870,23.008450235795227
1871,25.370121172695264
1872,28.719018804604183
1873,22.920787723436256
1874,26.93494269108176
1875,25.49795481163357
1876,26.00191984522491
1877,25.293535774947618
1878,24.59223800955059
1879,22.722827595721817
1880,27.5532546177986
1881,21.648040980309624
1882,23.317330089347006
1883,21.538576760777623
1884,21.285906956519415
1885,25.000392864116282
1886,28.336471387590052
1887,26.377023583467846
1888,24.52552833320651
1889,21.460054330057464
1890,23.290228754165646
1891,24.639250108702043
1892,25.077816029941747
1893,23.737057356437504
1894,24.550799838872187
1895,27.43233645137144
1896,21.525757477242053
1897,24.665048104069083
1898,27.116497805832196
1899,23.20193322396687
1900,26.754015650997708
1901,28.049268095343827
1902,25.513888424140355
1903,28.136075130078687
1904,29.519554130573713
1905,23.543665740138792
1906,20.31322782065996
1907,26.408255505299174
1908,23.5904826235766
1909,24.70759804447966
1910,27.76265026206886
1911,27.202369322910997
1912,26.629381179873814
1913,25.316819571688832
1914,26.360245393114262
1915,25.531793740621506
1916,28.199467810679124
1917,24.609766685425424
1918,21.13024504663565
1919,22.881300995833644
1920,26.480623907887235
1921,22.91197571398217
1922,27.035701495211974
1923,30.693544115577133
1924,21.897605568591946
1925,29.786716564096086
1926,25.081501457851328
1927,28.099866915795182
1928,23.68849239218835
1929,22.792000242640036
1930,28.172332121425974
1931,25.719606975909578
1932,24.57536935826937
1933,28.102488036329362
1934,24.73489485852639
1935,28.86367131896938
1936,27.735009552747027
1937,25.31923104162278
1938,27.003570464305284
1939,25.685911635022016
1940,22.34381768618389
1941,24.414439006217822
1942,22.48296193648783
1943,25.645371928016665
1944,28.19309807519945
1945,27.530893545447356
1946,24.81615064836176
1947,23.364692009437732
1948,23.784230833680095
1949,25.208648720731745
1950,24.82597845612063
1951,26.643425475397116
1952,26.671157513357013
1953,20.791663371103276
1954,25.947050526900632
1955,18.888341435217583
1956,18.632462154410028
1957,18.23737261434094
1958,18.523392935513176
1959,18.436665568181102
1960,18.283290536573265
1961,17.929692264552624
1962,17.88074311799539
1963,17.26887878602999
1964,17.92444771313578
1965,18.247861717174636
1966,18.01185690341655
1967,19.29993521124558
1968,17.947663726846507
1969,18.109432092657592
1970,17.44575385342167
1971,18.014770543092578
1972,18.7502084292283
1973,16.986255737455497
1974,18.769138342849054
1975,17.918620433783726
1976,17.211665497846212
1977,18.430172314045958
1978,19.038040797312814
1979,17.556442562286133
1980,17.74671569289821
1981,17.814312133382003
1982,18.81165099448561
1983,17.91920316171893
1984,17.609191900189796
1985,17.211665497846212
1986,18.2781635698053
1987,17.279367888863682
1988,17.97637905559671
1989,17.799690959735038
1990,17.729233854842054
1991,17.954364517933524
1992,18.510089288016953
1993,17.923849989394032
1994,17.591620411682072
1995,18.740266822422985
1996,18.024094190055855
1997,17.932410203139185
1998,17.459834247874138
1999,17.766316541627834
2000,16.792632493415773
2001,18.27505568748421
2002,18.875873914411656
2003,17.393749057859665
2004,18.490552240621852
2005,17.436099472910037
2006,17.198951433805373
2007,17.985634146332316
2008,18.660433095299876
2009,18.956812322623726
2010,17.75837025160231
2011,18.813107814323626
2012,17.809226507765672
2013,17.347547057282686
2014,18.59781536379793
2015,17.10904483808801
2016,18.295312420469912
2017,17.49114786988681
2018,18.06605060139063
2019,17.363011760178512
2020,16.98217664190906
2021,18.94214042854762
2022,16.694475535613492
2023,17.272763638931355
2024,18.99977584321643
2025,17.806349280132007
2026,17.6733469221979
2027,19.116958809109168
2028,18.311233380128193
2029,17.85452036091116
2030,17.823302792953744
2031,17.76225510450368
2032,17.570843144379214
2033,16.884278348794595
2034,19.68636724865248
2035,17.150002287248142
2036,17.71029519694789
2037,17.02413305324383
2038,19.14293182564974
2039,17.58355187104077
2040,18.357747556384748
2041,17.688442899377694
2042,17.714665656461925
2043,17.529940901001893
2044,17.94125717280516
2045,18.861315307145144
2046,17.973147119149353
2047,17.835290339049394
2048,18.29967885703148
2049,17.74671569289821
2050,18.003115984388472
2051,17.821304868604468
2052,18.11118552873561
2053,17.669371803316437
2054,16.99723791777282
2055,17.225590425129035
2056,18.402284620003996
2057,17.453686788337908
2058,17.87915385999029
2059,18.412690475989802
2060,17.782575873526216
2061,18.29836480489241
2062,18.500834197281335
2063,17.723406575490003
2064,18.138273133565505
2065,18.25077535685066
2066,18.38434809104682
2067,19.038040797312814
2068,17.556357900731197
2069,18.850104762065293
2070,19.44472582249583
2071,21.290466050314382
2072,20.56971171880051
2073,23.00304587086337
2074,19.027417609048666
2075,21.66046755935818
2076,23.109884334621174
2077,19.931585404850857
2078,21.268911614594455
2079,20.39032121841589
2080,21.787223507843258
2081,21.444280300280138
2082,19.52343699929801
2083,20.680049100667492
2084,21.25552508656834
2085,20.82211788653678
2086,18.944268663249417
2087,20.421363491514278
2088,19.164151431029655
2089,19.429892102250683
2090,20.28842255553836
2091,20.017813941235264
2092,19.821951980019257
2093,19.636840589573257
2094,21.50601703389317
2095,20.438459236119186
2096,19.4176633279998
2097,20.043682502150585
2098,20.63865940320298
2099,19.83908570218395
2100,19.115288593745156
2101,22.28275016359897
2102,19.56013940196419
2103,21.06196312727188
2104,23.057734373043836
2105,24.32349219136323
2106,20.48344803771105
2107,19.84044194248344
2108,19.26762567469094
2109,20.468666002902292
2110,19.325332464425117
2111,19.91433969757398
2112,21.945999238682724
2113,19.707391210251405
2114,19.86260257574333
2115,22.11785031295497
2116,22.026938838991903
2117,19.871225429381774
2118,20.4530144366342
2119,20.76369078096037
2120,20.75407298267134
2121,19.71888834843599
2122,19.916552886993145
2123,21.085304928004987
2124,19.373089807653404
2125,22.198164075526652
2126,18.321986059008626
2127,20.116540358171154
2128,20.80033790892374
2129,20.471950899526462
2130,20.35087166302003
2131,20.242008135834716
2132,20.332940046931
2133,20.845607890525553
2134,20.468666002902296
2135,21.21246913869084
2136,20.880099305079316
2137,19.44870560109819
2138,21.94588401479056
2139,18.65712763708935
2140,22.133287367199337
2141,20.50620421250919
2142,21.78837322166172
2143,18.11294718292522
2144,20.889953994951817
2145,21.131683740647933
2146,21.094886750255014
2147,19.70033614818359
2148,19.591977630783045
2149,20.977824979648307
2150,19.84880600992183
2151,19.40271704835984
2152,19.773910366890803
2153,19.793619746635805
2154,20.19601958309637
2155,21.033154957161635
2156,19.97642424377075
2157,21.989573139892
2158,20.045407072878273
2159,19.75442495737017
2160,20.67487538848443
2161,19.91433969757398
2162,20.61279084228766
2163,20.401530928145867
2164,21.844134341856964
2165,19.29349423560626
2166,19.563266370866042
2167,19.58401807357833
2168,19.98018694354025
2169,21.15171919469019
2170,20.528718019312862
2171,18.84338127567966
2172,21.974417821375948
2173,21.233636304255377
2174,21.421183370891455
2175,21.032657484836342
2176,20.460174360427587
2177,20.686947383578246
2178,20.101886764210057
2179,22.175799591725283
2180,20.009854384030547
2181,22.577446215710196
2182,21.150856909326347
2183,20.57542514318775
2184,22.20925060163322
2185,23.575631952609907
2186,23.25500299850919
2187,21.154007939449322
2188,23.06946060354405
2189,23.50705433361512
2190,24.464849407017628
2191,22.558514053071914
2192,20.88719356087334
2193,22.92289242025904
2194,21.350089647194764
2195,24.78863961858775
2196,22.849539928614753
2197,25.439559156501872
2198,23.946766403312353
2199,24.975825205491184
2200,26.753227076967686
2201,22.42309844969073
2202,21.441116924002007
2203,21.21170961987483
2204,22.34840519119552
2205,21.99384648677911
2206,24.63281227442782
2207,23.45737549425434
2208,22.33646718767982
2209,26.84162053040762
2210,18.875469425569822
2211,22.37897692472067
2212,24.085393001565407
2213,20.888626121295225
2214,19.91305247399188
2215,23.74274536289319
2216,25.491256577915276
2217,23.643439812579107
2218,23.978658951300076
2219,22.831568751667476
2220,22.09259083014472
2221,21.24533366634446
2222,23.654579342041185
2223,23.200778642216797
2224,23.194458522708487
2225,23.74189578339226
2226,22.026079096271506
2227,20.736774716575464
2228,25.19920043074567
2229,23.505914012078193
2230,17.477699756788237
2231,24.10915218245719
2232,21.44231072435358
2233,24.700097319783154
2234,22.72690249326948
2235,24.14751185182957
2236,21.789706626660568
2237,23.51708710627134
2238,24.39045495620906
2239,22.39342851874046
2240,23.693651390517104
2241,23.73243460992399
2242,23.361814814276876
2243,21.25822671014142
2244,23.222267048545064
2245,22.21426544260088
2246,22.491542251661883
2247,20.53090883265812
2248,25.609887316997405
2249,19.96140138823048
2250,24.20412192231359
2251,21.13089736487427
2252,22.31975398275783
2253,21.980714682911835
2254,21.401612985095493
2255,24.137059203662737
2256,23.816115815565887
2257,22.931183004767146
2258,19.534856522614373
2259,23.480127924484275
2260,25.042921111994634
2261,22.68369406149894
2262,24.80381375430555
2263,21.416941937654343
2264,21.47863636362279
2265,23.685461584954382
2266,23.61436936336415
2267,20.050578274492793
2268,22.186916561819448
2269,20.81556553977911
2270,26.418667489874842
2271,22.448684420727435
2272,23.617784823634423
2273,22.103883186464696
2274,21.435659550966257
2275,24.48181825024812
2276,25.211479520076107
2277,19.981099094031393
2278,18.996213803985803
2279,23.05573189950099
2280,22.221521268114323
2281,21.134821862370515
2282,20.471751038526833
2283,22.401800625102126
2284,20.272983279990356
2285,21.30916669149147
2286,24.4646876326158
2287,22.068032651483843
2288,24.972037278132554
2289,23.665465429065577
2290,21.852381145118017
2291,30.71178797300552
2292,22.37031493882434
2293,21.90064715787337
2294,22.783903559448405
2295,23.852045405879572
2296,20.156587745712244
2297,21.400711373641165
2298,23.410290603917407
2299,22.64354902666871
2300,26.063598610941725
2301,22.690447467192467
2302,23.709174893755836
2303,24.880205271607274
2304,23.372512528362655
2305,23.949208634246318
2306,21.09357476473714
2307,21.806318075521894
2308,23.532757519332918
2309,25.554474216940275
2310,24.04276343503701
2311,26.207889397241726
2312,25.32685425590709
2313,26.004889931520047
2314,24.85678312547391
2315,26.35116997194913
2316,22.66181643551166
2317,25.127948815018964
2318,27.528278335512752
2319,23.886727241360365
2320,22.01242307581594
2321,24.378496857625244
2322,27.02474227020204
2323,25.265026982683693
2324,25.484651442905793
2325,26.219699527304613
2326,22.70337761053219
2327,19.68603630404199
2328,24.834832372350164
2329,24.03494341502703
2330,24.604108681470912
2331,26.610736096513342
2332,23.81375537041591
2333,25.16745619406807
2334,26.41993500037946
2335,25.663931193401915
2336,26.00127008086826
2337,27.05575014687811
2338,25.76782158204564
2339,23.19713108047354
2340,23.321600088962512
2341,28.14603324011857
2342,25.883074101953284
2343,22.66264765901207
2344,25.967078000538976
2345,24.66922118900307
2346,27.590257580143785
2347,23.94515735815371
2348,24.39971295406227
2349,24.664784841364845
2350,25.782128153911415
2351,24.4435559667579
2352,24.044839045823164
2353,26.078939634292247
2354,23.53858544919637
2355,24.332575671336812
2356,26.2360774872769
2357,23.6998067816493
2358,29.57181139676477
2359,26.75051247586431
2360,24.981307993053683
2361,26.013746057254266
2362,28.429014353512493
2363,21.197720922000045
2364,27.270456039252295
2365,30.181433070043138
2366,25.118546928897153
2367,26.750668014463173
2368,25.49095559521676
2369,25.460034719014416
2370,24.12952020808992
2371,25.707990862037153
2372,24.530568389606294
2373,24.85181344784401
2374,24.870564686196616
2375,22.604462013983333
2376,25.556394214746938
2377,28.801233209543774
2378,24.50492788033919
2379,25.135936105489662
2380,27.345299069491393
2381,25.396541751862276
2382,25.139601282282673
2383,25.00098605436039
2384,22.795504881827686
2385,28.841533409992206
2386,23.686068504350846
2387,22.523002110943104
2388,22.390307973289268
2389,23.883673835284206
2390,21.83851447276561
2391,25.180815634018018
2392,28.776397351949853
2393,27.17594197732928
2394,23.638379413501823
2395,26.816442117916058
2396,26.874242029981765
2397,21.900415709135626
2398,26.99850525915128
2399,30.566769874317785
2400,23.4210005658866
2401,27.270231345698058
2402,24.39561012011794
2403,25.867807952676934
2404,24.852670310787257
2405,21.501761655168597
2406,27.466080478652017
2407,23.829685453588443
2408,27.183263488867947
2409,27.758084184500994
2410,25.932057181527355
2411,28.746705393850718
2412,29.120656444562687
2413,26.921234341769235
2414,23.453114350011052
2415,22.039764052492117
2416,20.63595286356844
2417,18.83492045237738
2418,20.58496983279806
2419,22.133435886670362
2420,20.708638779744323
2421,24.577602342608046
2422,20.789800003704986
2423,19.878478081243053
2424,20.31819937627735
2425,19.236105078577456
2426,22.74356479164519
2427,20.768397691218134
2428,21.474858572997533
2429,23.425835999831936
2430,21.024719870386132
2431,20.806456329703476
2432,22.31329956804869
2433,20.256260270914797
2434,21.03427188529566
2435,22.209196299923107
2436,20.912868252331585
2437,20.958473885644025
2438,21.12632503470124
2439,21.889401452403177
2440,23.596821057297355
2441,20.15365968117072
2442,21.159917619874804
2443,23.446608382725266
2444,22.449675808853588
2445,21.89395322715297
2446,21.4533665394511
2447,20.90224939351043
2448,21.97259879796483
2449,19.275315420629013
2450,24.091124259774503
2451,22.42471432299528
2452,21.257007505685962
2453,22.08021751788872
2454,20.986271395133244
2455,22.130365596163728
2456,22.822133606780074
2457,22.871840753515656
2458,21.42231469554647
2459,22.13908347650017
2460,22.787525140596554
2461,20.745977395853544
2462,21.435456511495737
2463,21.731123603687855
2464,22.268829639285524
2465,20.61732643449487
2466,21.46888856367908
2467,19.137599924822975
2468,20.42174892922233
2469,22.28080983098876
2470,23.192551947058618
2471,17.982403121702216
2472,21.965622937630584
2473,20.614350614465362
2474,21.353456107432354
2475,20.678118186526202
2476,19.82566170869021
2477,23.087252547632726
2478,21.874953127383176
2479,21.01516785547661
2480,21.387175052084537
2481,23.47654842466301
2482,22.237065404454693
2483,21.451680643825576
2484,20.917600846043594
2485,20.032253783732596
2486,19.33102822674087
2487,26.59392985068689
2488,22.079484487787212
2489,22.05556272525627
2490,22.20855322690427
2491,22.41960878472827
2492,20.738114438960917
2493,23.11422437482939
2494,20.71838995721843
2495,22.882937182377418
2496,21.802624460595755
2497,22.208499358620692
2498,21.482534299264113
2499,22.56938921389377
2500,23.506816083063555
2501,20.49620490486813
2502,22.03896923187149
2503,19.809225973148994
2504,21.119988906253433
2505,22.4748505511465
2506,22.291434897311248
2507,21.55059973782905
2508,20.82023257570758
2509,22.934547846167
2510,22.87542275910673
2511,18.762256910387055
2512,24.970846937237575
2513,21.761318955212243
2514,18.845666469150597
2515,20.654579292642012
2516,22.185289681893494
2517,18.22188578121961
2518,20.224613532227995
2519,23.01391273452404
2520,22.163626658942345
2521,21.426501497518057
2522,25.675952630870917
2523,20.50642299701835
2524,22.469939726197367
2525,20.052802353341896
2526,20.786237874744522
2527,20.93111012427278
2528,19.615797671231096
2529,23.950045063360857
2530,24.64200388104257
2531,23.225770048146046
2532,30.19859077777123
2533,25.52379442289586
2534,23.386179659408388
2535,28.349450647256415
2536,24.858569612042153
2537,23.44471452794904
2538,26.545903847608336
2539,23.182707744838208
2540,28.999247931517253
2541,26.882353133004425
2542,23.066453688161875
2543,23.382177508379417
2544,23.052914735925985
2545,25.68400874943888
2546,23.663786280076554
2547,23.414228075439453
2548,24.017052402914036
2549,23.555345645537273
2550,27.230580474936442
2551,26.14701033119049
2552,28.053515021464918
2553,24.079972278060424
2554,26.257459527448166
2555,23.9700296340991
2556,24.799397611222766
2557,24.36446734724737
2558,23.423899943036368
2559,23.595091999501832
2560,26.58771620059516
2561,26.041107314762595
2562,23.11766147074806
2563,21.445035832706782
2564,24.36692654190569
2565,23.59092502226119
2566,23.427526893385213
2567,23.209873839049926
2568,25.921971778979692
2569,23.35266063995705
2570,25.443621955221307
2571,23.202137835992733
2572,23.29202805057267
2573,23.94980774361883
2574,22.535297107569455
2575,26.920280079322517
2576,24.178305615596035
2577,25.45168214569827
2578,26.139253613999994
2579,23.158614431806594
2580,23.44236441753958
2581,23.705765798717998
2582,25.04513627111126
2583,26.29189625780961
2584,30.068364629535896
2585,25.70706518763401
2586,26.44647779331947
2587,22.239804252850064
2588,24.045175202791388
2589,25.536880823949964
2590,22.078301363615044
2591,20.976917441015914
2592,24.587927784668732
2593,23.680397218891677
2594,20.845277485681525
2595,25.158883185974325
2596,24.594195922263545
2597,27.98528633757538
2598,23.045483001704813
2599,21.553844343172123
2600,22.974158099779647
2601,22.942910527543447
2602,24.79453839351083
2603,24.566907438686528
2604,23.873562780053295
2605,24.5710090780662
2606,25.354078088943854
2607,24.632512428311692
2608,24.01422284386688
2609,23.50078575322417
2610,23.24265875877841
2611,25.819167800364475
2612,25.657563087552113
2613,28.761857186588678
2614,23.105349882981663
2615,27.244656042552364
2616,27.20629471166204
2617,23.070876775748836
2618,23.489611749356612
2619,26.66583556254204
2620,23.364752752732134
2621,24.118571375094845
2622,29.322436421938654
2623,24.463520425551508
2624,27.539997641723694
2625,22.52441625652292
2626,25.388503221932268
2627,20.35791791481311
2628,22.010622411647994
2629,24.108233895252475
2630,25.52049423758879
2631,23.42785636132535
2632,27.193649426943864
2633,20.426899707127827
2634,23.604513572709088
2635,23.48165217699154
2636,25.005250295132594
2637,24.757166891271627
2638,23.904120432358948
2639,26.603589794701293
2640,25.260927241982102
2641,22.929576227581766
2642,23.518178200055353
2643,22.257058202236667
2644,25.485864740938606
2645,21.798400064470794
2646,23.40034629422515
2647,21.50957687893039
2648,19.86486880947852
2649,21.68724772636821
2650,22.52755576256005
2651,24.506238137903
2652,23.163567348261406
2653,22.469900321363323
2654,19.908704154035238
2655,24.21874767845526
2656,21.316591304924685
2657,22.026073539651044
2658,21.72901866233138
2659,21.184514300308233
2660,20.782702136446616
2661,21.109191870619803
2662,21.669329589460027
2663,21.061546054630846
2664,21.112269546983043
2665,22.850428917642375
2666,20.957579652646036
2667,21.672524457454255
2668,23.09696250551252
2669,22.979529396985427
2670,21.771306704035897
2671,22.79781564316969
2672,21.725784783418103
2673,22.029224546826157
2674,22.03267989228816
2675,20.456163922065247
2676,23.500491332754763
2677,21.873788134173985
2678,22.814631813518737
2679,21.395066766553565
2680,20.3636749851455
2681,23.67357213557447
2682,22.425184595662454
2683,22.925847849236277
2684,21.59365773067561
2685,23.867481317973315
2686,21.346598286863117
2687,22.68301294174833
2688,22.57126445930062
2689,24.7671924011692
2690,22.29466140165073
2691,21.76955910317527
2692,22.356391171507273
2693,22.141319629267883
2694,22.613559602042972
2695,21.341415175439945
2696,21.249326623528507
2697,22.097576080669107
2698,21.2457513710537
2699,22.433465285607063
2700,20.93206955816899
2701,22.320418122331407
2702,21.414507023493563
2703,22.414532870016487
2704,21.38946137643721
2705,24.04831189175453
2706,24.034766858046325
2707,21.806043778265817
2708,20.977465202885625
2709,21.128810736027024
2710,21.2473591220115
2711,20.408518106076286
2712,21.547112973459505
2713,22.77563280462632
2714,23.62717541773206
2715,22.196112047867945
2716,22.182974414782752
2717,21.0950461903059
2718,21.18667998081689
2719,19.57121295744678
2720,22.126804294110823
2721,23.334607374192835
2722,23.696828223965085
2723,21.473542228182435
2724,23.875088316583607
2725,22.002798946490994
2726,21.939689754536776
2727,22.33980675130413
2728,21.96121116830473
2729,24.025215732722643
2730,22.747775552073286
2731,21.541925690095525
2732,21.31684609538452
2733,23.586073628281156
2734,20.93168785026878
2735,22.1136221030564
2736,22.25234934154891
2737,25.671064788118294
2738,22.52027739046201
2739,21.725784783418103
2740,21.923041681953
2741,20.49159799530073
2742,22.747690520013887
2743,20.953291958008872
2744,24.199163172256732
2745,20.78667832960954
2746,23.469344077641342
2747,25.28240481224102
2748,21.099627405731063
2749,21.50717456888053
2750,21.968517146374808
2751,21.053137969456323
2752,24.275664009553974
2753,21.02783307703482
2754,22.232110172838265
2755,21.620683718736576
2756,20.70061776454755
2757,22.132175566853345
2758,24.08225173722647
2759,23.95993312979116
2760,35.658359347199664
2761,27.12423005175627
2762,32.34476253740338
2763,30.547780152027798
2764,28.28983516076081
2765,29.17362008696322
2766,28.971274682003333
2767,30.686813581505113
2768,30.74617553619104
2769,29.99223901351079
2770,31.386130613850607
2771,27.76860514246829
2772,31.52031477290193
2773,29.525641579239498
2774,29.394650900273774
2775,31.86997136403179
2776,29.047993634908337
2777,32.844168273344295
2778,34.63319225100732
2779,33.14790409587343
2780,31.812120668653677
2781,36.49530483873227
2782,31.347628953929267
2783,32.54382910665916
2784,30.12081887471649
2785,33.116436647318515
2786,30.967843655935972
2787,32.7497836569655
2788,29.048111366139423
2789,31.541941158805688
2790,33.397800307149375
2791,26.773583192143075
2792,29.448459970974955
2793,36.571613037749344
2794,28.86674818828096
2795,30.790171176438378
2796,28.97258561452513
2797,32.73427574346684
2798,28.80789713719358
2799,34.38854145684482
2800,30.72952861797979
2801,31.81101797398661
2802,30.407029334984745
2803,31.15348770961456
2804,33.466336220342825
2805,32.391126991383274
2806,35.71956675455601
2807,30.317620986611356
2808,31.561016186713154
2809,30.802628100732626
2810,30.89949123923452
2811,30.314911753831364
2812,30.44869957646575
2813,30.427521265916624
2814,30.4362630311431
2815,32.098308339173
2816,32.00014181721616
2817,34.05153958638345
2818,31.964126169645738
2819,30.882177268819717
2820,29.844378335449022
2821,30.99168991391244
2822,30.770648071596113
2823,33.78093904622204
2824,31.621659048235188
2825,28.90234503105555
2826,29.88864837984908
2827,29.27378665207043
2828,33.861764407852746
2829,31.94409092006674
2830,32.52686875212966
2831,30.278398378586886
2832,30.60680687789455
2833,30.578183882990615
2834,31.589742871956425
2835,31.951268670445277
2836,29.889095552014737
2837,28.53757666641213
2838,30.948656497415392
2839,30.675671391405757
2840,28.34187985884082
2841,34.87575656491704
2842,29.565160828054296
2843,29.758243931234453
2844,34.407865619198105
2845,30.362345730316207
2846,31.910984691108432
2847,29.296909371938497
2848,30.631401347005692
2849,32.52012716319297
2850,32.54203079716766
2851,33.20594553823719
2852,31.20401070543081
2853,30.947265923384883
2854,30.39092209347448
2855,28.783545896601055
2856,31.407605067293794
2857,37.5434170005785
2858,32.280051657813075
2859,31.930819969541385
2860,33.407790327391425
2861,34.87575656491704
2862,29.53940691847081
2863,29.769907441941104
2864,31.13645658587866
2865,30.932528414986912
2866,33.165912939229926
2867,30.082616651163214
2868,30.109452058091364
2869,29.7173069117081
2870,29.54432581229304
2871,30.05420586242527
2872,34.6793214361908
2873,28.264183695057888
2874,31.209285442196332
2875,29.028412866941032
2876,28.943254551783383
2877,32.204158047751555
2878,30.511756142659962
2879,28.68853489070208
2880,30.182373936551407
2881,29.41058676911194
2882,28.420732624979834
2883,29.819431978383196
2884,29.693114434434023
2885,29.609981848505463
2886,31.895489865680723
2887,30.485130178930476
2888,30.91671076494383
2889,29.104109147081164
2890,31.58066444677668
2891,29.116606844365087
2892,29.93804716803541
2893,28.904430029113012
2894,29.81306942936923
2895,30.426333570401248
2896,29.33419566980522
2897,30.93861893506834
2898,30.68667706511161
2899,30.94915380548067
2900,32.27754276950092
2901,29.82419086494903
2902,30.280183859083436
2903,32.19668607030788
2904,29.23196201048858
2905,29.53520869373289
2906,31.17898860902455
2907,30.224085583698326
2908,29.13575317752652
2909,31.793648579023355
2910,30.173760060215102
2911,29.932422885211665
2912,32.33407237012247
2913,29.81541920303212
2914,29.344121742647438
2915,28.546541425073364
2916,28.48423046276289
2917,32.15144933218246
2918,28.62131457984593
2919,31.330015751928066
2920,31.82230208373417
2921,29.479211337239658
2922,30.468491597068642
2923,29.70572106414018
2924,33.647342024142155
2925,30.080396011363312
2926,30.660362317443536
2927,36.28619264032202
2928,30.940801399861734
2929,28.768091513288386
2930,29.166881672075426
2931,29.508068807926556
2932,30.28963217880972
2933,30.384628096813646
2934,30.382449285634962
2935,31.757578559292284
2936,31.58484100361928
2937,30.717475272398573
2938,29.493668052192575
2939,29.225961695599423
2940,30.05020080217254
2941,31.4490382136851
2942,28.797631525050384
2943,28.991026289554746
2944,29.872149452893233
2945,29.543461320352186
2946,31.292381145620247
2947,29.170574173545674
2948,29.897102935992763
2949,30.21669452390878
2950,29.164112295972735
2951,29.171312673839722
2952,30.40897438294997
2953,29.40701979201534
2954,29.211191689718422
2955,31.654356701402243
2956,30.573143958970995
2957,28.66700928554028
2958,29.432790999801348
2959,31.586468411543223
2960,33.1021113856776
2961,26.918148276692964
2962,30.36908121749987
2963,28.71856855239326
2964,30.019130304728186
2965,29.457666162857635
2966,31.02894536335275
2967,29.271010213536478
2968,32.13342875821527
2969,31.261325239486002
2970,29.09487789340554
2971,29.788926150525285
2972,32.25089727466769
2973,30.651092750871463
2974,28.782861519169384
2975,30.15499506551441
2976,31.222908160352297
2977,35.30273849637204
2978,30.628957596667185
2979,32.34744646328052
2980,29.55118586355609
2981,32.67929594818794
2982,29.999793004405575
2983,31.09474100464092
2984,34.24511932383851
2985,28.36193790133436
2986,32.562722877506964
2987,28.912099070628148
2988,36.73737846315436
2989,29.384889411317822
2990,32.73604945779809
2991,37.0791882385822
2992,34.06919453345408
2993,38.64343977894734
2994,40.341135447040756
2995,36.53414824247115
2996,36.75645584095301
2997,36.514983794326156
2998,37.6618854439031
2999,37.82148404330417
3000,36.20271384610278
3001,37.27004918573965
3002,36.22437060586897
3003,34.25038846038036
3004,39.56701696001444
3005,37.96847555866166
3006,34.05666420852769
3007,38.89465508431191
3008,38.41497023435754
3009,34.42954339163961
3010,33.265687043529816
3011,35.09298174196796
3012,37.31515582644836
3013,34.356370044176934
3014,35.736773572853295
3015,32.71045754858293
3016,38.50757146868249
3017,37.76159011103479
3018,38.81406454242906
3019,39.57711957208509
3020,34.455018557052554
3021,36.821339177459926
3022,35.04863037012758
3023,34.85150969534111
3024,34.50759496226648
3025,36.64376888586048
3026,34.72148628561895
3027,36.176355545434205
3028,33.21982685322681
3029,34.54221123731108
3030,32.76173309428641
3031,34.70543401281374
3032,32.97339377713219
3033,35.16274033321573
3034,38.906590269968056
3035,35.12402183606871
3036,39.0508034173474
3037,38.13869806553281
3038,34.773614253351894
3039,37.836488423314876
3040,32.82219593506738
3041,34.93200037755006
3042,35.97263987067629
3043,33.74680397972411
3044,38.60019118622509
3045,35.30029169872636
3046,36.32994243307674
3047,32.872780424370994
3048,34.96975950048629
3049,35.51598784555041
3050,34.53559905971447
3051,34.298807010839624
3052,39.34487318434226
3053,36.97479857525907
3054,37.15636888724251
3055,34.653380348758496
3056,36.42505112922366
3057,34.23745900877193
3058,38.05197027762544
3059,36.10498534215459
3060,34.47868884075084
3061,37.14349853967711
3062,37.28833113173353
3063,32.342883433162044
3064,41.95052321102489
3065,35.46189736875901
3066,32.248977637251606
3067,36.19826729989873
3068,35.727150753311236
3069,38.317552772936544
3070,44.2314770495822
3071,34.580226284933154
3072,34.08975429016954
3073,36.63840365389248
3074,40.28130594643015
3075,34.39753576969294
3076,37.58981787549434
3077,35.62848139973616
3078,35.45911421418344
3079,34.20423133541041
3080,35.58502898545231
3081,37.145427440216494
3082,28.854953870774047
3083,36.577587658266445
3084,35.52607096018434
3085,33.97207446379884
3086,43.106273191035555
3087,36.50951068480768
3088,36.19120494740166
3089,36.23467266095595
3090,37.088262429406036
3091,34.368565602087386
3092,38.72453795032814
3093,37.84144675374439
3094,33.585122961920234
3095,35.52676989735747
3096,35.87601417209766
3097,34.301490033579924
3098,39.67841303375658
3099,36.95277901501308
3100,36.90887615843226
3101,36.81552815266958
3102,37.74214187387319
3103,37.14986918856337
3104,38.87250629349059
3105,39.16114299771707
3106,34.44030133611752
3107,33.53285940410367
3108,37.69381482003318
3109,36.02898241636046
3110,36.25093339908808
3111,34.31088780599044
3112,33.233827168758836
3113,34.38159013197133
3114,34.83422985388325
3115,32.17185552390354
3116,34.27577824892698
3117,35.31823331791871
3118,40.10942169484835
3119,37.35806622138887
3120,37.02129679056017
3121,33.73767508301772
3122,34.94514621884656
3123,34.9325358615653
3124,33.57345961000692
3125,38.6924199072936
3126,34.672757594318306
3127,35.046506779743815
3128,36.99764795340565
3129,33.884531951399836
3130,39.56926531529312
3131,39.99090395538826
3132,34.2883931311933
3133,34.56154006239478
3134,34.79830606642992
3135,36.411747163901424
3136,40.70271869978717
3137,36.5987091352598
3138,33.95088393194007
3139,37.136069209790875
3140,38.15675992046789
3141,33.93446514527077
3142,33.10009065954537
3143,35.917681855452386
3144,34.6811350660831
3145,36.661116913502305
3146,34.603733208070274
3147,33.35679733011136
3148,37.37945195853341
3149,33.32543078084352
3150,37.19697857479373
3151,34.582813034738564
3152,36.59276547487592
3153,35.38614986112072
3154,35.76422389539482
3155,34.09681666047932
3156,36.10725970420018
3157,37.892484423319516
3158,34.585865263700974
3159,33.38981367264299
3160,33.22353785643045
3161,33.57859958593166
3162,36.98602610949763
3163,33.80459517206418
3164,37.24378425139996
3165,39.996678598380115
3166,34.68192487071336
3167,34.778309058431745
3168,38.495430124689804
3169,35.18928005235712
3170,34.95701349628087
3171,39.27295664374827
3172,36.305343519461616
3173,33.94756546355795
3174,35.00964911557965
3175,38.19561297029609
3176,35.81546742755471
3177,33.553570158306854
3178,37.669116110052826
3179,35.1988661717654
3180,29.232078490479886
3181,35.18650296937397
3182,34.71434140537454
3183,38.83022455696466
3184,37.30147888463062
3185,32.039988952290685
3186,32.18893277777463
3187,36.02546732778422
3188,37.4666301406985
3189,34.55848724020745
3190,37.519987753477906
3191,36.199986936881544
3192,36.23482189323775
3193,34.30517043866152
3194,41.64248610899102
3195,38.638710126119285
3196,42.25447856140707
3197,35.78941321437611
3198,31.165104835354818
3199,39.851957153759464
3200,33.93482884800632
3201,36.08200533544309
3202,34.94014880691246
3203,39.69788730144823
3204,33.26570545809715
3205,33.21420151380889
3206,33.811855377983235
3207,33.430752794058954
3208,34.96782114349179
3209,36.66981233546555
3210,32.16233548133025
3211,37.61425017547302
3212,34.2992341617341
3213,34.278040213324445
3214,34.501280319746215
3215,36.21776289715433
3216,34.311953251677195
3217,30.37997710047611
3218,39.912659733180845
3219,33.72152552821852
3220,30.282077806522373
3221,40.20825516574163
3222,32.61524509902304
3223,41.09246749822818
3224,39.34135717397654
3225,41.69404187537263
3226,32.15409044286356
3227,35.229066349880156
3228,38.07909869542039
3229,39.50698802323751
3230,36.24562044750573
3231,32.82412724051428
3232,38.69800613001254
3233,32.071976000999584
3234,31.821486773283063
3235,39.088007652819044
3236,35.18837832997721
3237,35.030059588308255
3238,29.543740861834653
3239,33.988287285104825
3240,40.857563568199836
3241,34.33165735856401
3242,33.889730523923575
3243,40.65063856468096
3244,35.57313223760383
3245,34.70877407246257
3246,34.07754942864576
3247,34.69466868701864
3248,34.56511141775836
3249,36.62266287576757
3250,35.781155857947894
3251,35.869809333415034
3252,38.25263065162374
3253,32.62313664964163
3254,34.39215924663978
3255,33.577655567643404
3256,35.36640124837039
3257,33.53776736633495
3258,35.859461558320916
3259,30.38372980819666
3260,35.78483056746341
3261,32.08499360169006
3262,39.12579472108333
3263,32.49292606443507
3264,33.66494475692794
3265,35.404908242690766
3266,36.53553210860714
3267,34.420719144116546
3268,33.63019756954947
3269,29.19165427395318
3270,33.031524394153095
3271,37.1575024729642
3272,37.369904346716964
3273,31.963205729162954
3274,36.609292159031426
3275,36.965935981051615
3276,38.86582510655109
3277,32.254544249333875
3278,44.369206862820874
3279,30.078111575149865
3280,30.527929960408873
3281,36.25959221872378
3282,31.04539020811285
3283,29.734829123241674
3284,36.43848680496627
3285,38.30426393995673
3286,31.771240644408387
3287,34.090349366229226
3288,33.68704255980239
3289,34.8959032277924
3290,37.68353886964732
3291,37.375828051928636
3292,33.17983532633089
3293,33.916208963107394
3294,34.163065140803454
3295,37.74294781947051
3296,32.880847095141846
3297,37.4665776156165
3298,32.32983401831777
3299,34.463895348242474
3300,36.211424715909544
3301,37.09019237539875
3302,35.635638114664744
3303,44.617814817870055
3304,34.93548057822092
3305,40.23897939308246
3306,32.35403477354808
3307,36.27226139704187
3308,36.336111215683104
3309,32.24039644464054
3310,36.75436339846779
3311,35.035583673741264
3312,35.89155386416981
3313,35.30609912147056
3314,32.0667823310318
3315,45.22172217180983
3316,39.19388114139365
3317,33.9488107007265
3318,40.101959170869065
3319,35.23129412908203
3320,35.06252048422385
3321,35.594315731714815
3322,33.95488890084936
3323,40.987391150273616
3324,32.772702012678025
3325,36.289895085630974
3326,35.31359172839007
3327,35.05373424016399
3328,34.16593479557385
3329,33.77956406268989
3330,40.626064866494445
3331,33.42269421004221
3332,38.64044963852947
3333,32.05635742337783
3334,34.48455615179898
3335,28.4050630875513
3336,28.13019111897985
3337,28.86758121232878
3338,27.436335254540012
3339,28.276019722375914
3340,28.198859528034234
3341,27.929555320331907
3342,27.613854133025434
3343,27.107269719847555
3344,28.25099793989709
3345,27.84345499652105
3346,28.1995319480285
3347,29.456226735409338
3348,27.16703104683768
3349,27.634289359403265
3350,28.134617556274648
3351,27.238488602381857
3352,27.426713026683814
3353,28.381966881626383
3354,28.949548833967597
3355,27.062225221368234
3356,27.439086063607448
3357,27.910391350495416
3358,27.723794802087436
3359,27.43083363640513
3360,26.967322308541572
3361,27.38446285498258
3362,26.626909686445938
3363,27.209393506476246
3364,27.254781856089004
3365,27.30133400953798
3366,27.957719373168544
3367,27.232775383549487
3368,27.77220904167437
3369,27.138068957084784
3370,26.45594690290457
3371,27.402211297603586
3372,28.0415132493767
3373,26.866459309402124
3374,26.727412460588457
3375,29.873784415434905
3376,27.320639461409463
3377,26.7797171301422
3378,27.13840147246656
3379,28.342444945897043
3380,27.43018882114764
3381,27.45658179968414
3382,29.878640486053882
3383,27.172257584065818
3384,27.877633144886133
3385,27.442500591366432
3386,26.952192858670657
3387,26.908485559043562
3388,26.904643159076343
3389,28.93164859696299
3390,27.404185173564308
3391,27.735562151987036
3392,28.115269317497418
3393,27.974271249950398
3394,26.904643159076343
3395,28.145258048491556
3396,27.354868986004302
3397,27.103487357379827
3398,26.758535900322915
3399,27.26176467910635
3400,26.481498862686564
3401,28.56888264487724
3402,26.879571499290254
3403,27.186699331669875
3404,27.61279083395894
3405,27.56010691138902
3406,27.309758676432814
3407,28.398568266330344
3408,27.410399054761296
3409,27.53143465372863
3410,28.047565029325064
3411,28.233152947741644
3412,29.009374380944962
3413,27.799442051442018
3414,27.738924251958352
3415,27.579560713318024
3416,27.10623816644727
3417,26.138564665612442
3418,26.818189159813965
3419,27.477742169976203
3420,27.96173978642095
3421,27.07928023758636
3422,27.685971177410146
3423,27.676078844802237
3424,28.19280774808587
3425,28.158766485876306
3426,28.34712813676922
3427,27.561153215975075
3428,27.6799206422728
3429,27.713274010917768
3430,27.801221986720954
3431,27.66909602178489
3432,28.873745668246457
3433,26.866459309402124
3434,28.2230666478277
3435,27.061590419275753
3436,28.687036443869168
3437,27.746043993074075
3438,26.840467690393112
3439,28.213988977905153
3440,28.739701908020685
3441,27.476680454195787
3442,28.005202569686496
3443,27.129963894653933
3444,26.76132902952985
3445,27.366739785133788
3446,27.02921551255896
3447,27.70218130227184
3448,26.688940430916695
3449,26.97695014027761
3450,29.542067315616787
3451,31.256839367125
3452,29.660329012300963
3453,28.930247835519737
3454,27.976933630669883
3455,30.42991142327857
3456,31.439267862841163
3457,28.363858543637875
3458,30.13427795067157
3459,29.740099987195585
3460,30.44766392347188
3461,30.34430778590373
3462,28.051076397374757
3463,29.323723164479716
3464,29.84279270351922
3465,27.819207007094768
3466,28.33696081607225
3467,29.02746390800692
3468,27.960502416796636
3469,28.186333541704748
3470,29.707976415417214
3471,31.79524007450965
3472,28.558290688612242
3473,27.825135485823516
3474,30.584164240084313
3475,28.30106058377038
3476,30.511065709876558
3477,29.423538597193833
3478,28.62393018512533
3479,28.6207170629184
3480,29.245847838956394
3481,30.209554992307613
3482,31.069001430237797
3483,29.065504979849734
3484,34.25866154891286
3485,31.928966087959473
3486,28.3231276990385
3487,29.55517181130258
3488,28.43655925871525
3489,29.48818355588097
3490,28.054699356597887
3491,27.788518411322414
3492,31.11465071644917
3493,27.943997824780176
3494,30.70127106909062
3495,30.442273113391185
3496,29.728053647778694
3497,29.17709212392198
3498,29.261627839128224
3499,30.338151746954694
3500,31.520422149439156
3501,28.613623156747245
3502,29.075201917159262
3503,30.00666927581262
3504,30.024139990288575
3505,29.96762182640783
3506,27.981910812206007
3507,28.983082657523635
3508,29.096501408758687
3509,28.60901211773599
3510,29.47803927005622
3511,28.623503954628493
3512,28.881639799276137
3513,29.721713469138223
3514,29.753867232243458
3515,30.269293564386693
3516,29.135246944894885
3517,28.862619263354738
3518,29.276844267865346
3519,27.363519247030613
3520,28.54561033133131
3521,28.99781785576694
3522,28.19933903635187
3523,28.502926643234815
3524,28.50366761109436
3525,30.640405354142125
3526,29.175401409617848
3527,29.52199784196347
3528,28.844504467239105
3529,28.622280477853216
3530,28.634372832297867
3531,28.930247835519737
3532,28.3858378295915
3533,29.35138939854722
3534,26.949696793544796
3535,29.40026641206647
3536,29.187599434745696
3537,28.984350693251734
3538,27.3877961703719
3539,28.630049968245384
3540,28.98942283616411
3541,31.085908573279045
3542,30.130654991448452
3543,29.09281651860867
3544,31.97353358294464
3545,29.402110827670967
3546,29.541722842178253
3547,29.756687077275
3548,28.565053545828743
3549,29.853377845571956
3550,29.141587123535352
3551,29.474375132170977
3552,30.079933562324698
3553,28.984055935305424
3554,28.759771809228592
3555,29.789130702015207
3556,29.618368506979234
3557,28.90488712095786
3558,29.166947838097226
3559,30.907048999763045
3560,28.916963651701607
3561,33.099299743203744
3562,30.80452540694968
3563,28.710454975983488
3564,29.866903560004953
3565,31.203876267611626
3566,30.325300822153604
3567,30.270977911199846
3568,30.913399590983886
3569,30.294489564228428
3570,31.61741893098349
3571,32.507561575646285
3572,31.598427475437543
3573,32.6777143201212
3574,30.118860446090363
3575,33.44680737772187
3576,32.54341336901161
3577,31.961911659025198
3578,32.59907599057759
3579,34.63509469166763
3580,29.788995220874824
3581,31.575528737645172
3582,29.845211740925016
3583,32.77719899423869
3584,31.295383463541953
3585,32.42418897969052
3586,31.94172621271249
3587,32.17243643503976
3588,31.858059035143008
3589,34.85708406162578
3590,31.529063115635715
3591,32.362372237351266
3592,32.40927680805615
3593,29.744998423412646
3594,31.674633058421986
3595,30.520401734369884
3596,32.254734348811596
3597,32.121200765119546
3598,30.728550796766235
3599,31.876166672127596
3600,31.680237305931627
3601,29.728475043787306
3602,34.92526774251499
3603,32.75932802753383
3604,32.71125532229847
3605,32.327259864067145
3606,31.527704308495146
3607,29.56850811170957
3608,31.660279096420993
3609,30.89009932280519
3610,28.832840977747548
3611,33.10743757093779
3612,32.37199637897024
3613,33.275358164351346
3614,30.57155563969906
3615,32.37665643260598
3616,30.486599175059332
3617,30.966338842516496
3618,34.19873740417999
3619,31.0464700114711
3620,34.921094064725324
3621,30.880779215533714
3622,32.97531164746131
3623,29.32742800362066
3624,31.72890897723824
3625,31.202746557639323
3626,33.16903966529654
3627,30.55618224484573
3628,32.45898404683737
3629,30.411045809051206
3630,31.961911659025194
3631,32.550040519876525
3632,34.00700948316671
3633,32.30489160661559
3634,32.17985878291208
3635,30.982648526503773
3636,31.786161064763036
3637,29.815956959767316
3638,30.02954275140536
3639,30.806218357361885
3640,33.910661361243385
3641,30.902295520485794
3642,34.64804763387154
3643,29.773508902635115
3644,30.39613363741684
3645,33.061743412234634
3646,33.86921600708505
3647,30.27031218925189
3648,30.204405716403578
3649,30.3795645578231
3650,33.35206232542744
3651,28.00397277107075
3652,31.22985959697454
3653,31.78906603326324
3654,31.686968494516584
3655,32.42998815754833
3656,31.314164203657455
3657,30.60223771368399
3658,28.96549717124492
3659,35.51201048923177
3660,29.82361276216889
3661,29.820949874377035
3662,30.89675654228482
3663,30.93500529420413
3664,33.00110361979502
3665,29.61520675445929
3666,31.262186682335745
3667,32.937905006274654
3668,30.808881245153735
3669,32.643090113260286
3670,30.51290168510777
3671,35.485018993495814
3672,30.90314747298526
3673,29.33194684350987
3674,32.73237386013406
3675,32.36052547771303
3676,29.76236634295632
3677,31.37008484728632
3678,33.87812571404113
3679,31.875819273757415
3680,34.163680541753514
3681,32.55787935085891
3682,36.24082827275231
3683,31.79685483222095
3684,34.133355961241264
3685,32.98445068738626
3686,30.1777109675862
3687,31.411505992175115
3688,33.50149763951684
3689,34.091467071213046
3690,33.95614240158745
3691,34.04020433786691
3692,33.39539940369435
3693,32.024894633446955
3694,34.41655772371355
3695,36.32749898153523
3696,32.4748142908006
3697,36.22740587868722
3698,34.04712239148797
3699,33.35881584097246
3700,32.879820121749226
3701,32.77784216291586
3702,35.68994641342387
3703,31.138689810388158
3704,35.798085842785824
3705,35.64856134734909
3706,32.99891699102972
3707,30.942994810731797
3708,32.3803218115964
3709,33.15093541035791
3710,31.995698946814322
3711,37.337946367539246
3712,33.770554431523465
3713,33.63599433643772
3714,34.378331718392936
3715,33.12166091992476
3716,31.289790572248062
3717,32.764982738566935
3718,38.12484930324086
3719,33.55530997864534
3720,35.077660084155355
3721,38.78110974484575
3722,34.90038258156056
3723,34.65662381782417
3724,36.03348165286204
3725,35.82412296308027
3726,35.99551135360116
3727,33.928473307183495
3728,33.68771382175427
3729,35.611690681110375
3730,32.450593263693555
3731,33.01212179967353
3732,32.62057116891961
3733,35.97294753752321
3734,35.46770862689513
3735,31.919805545305074
3736,31.415362051281644
3737,34.33032628706047
3738,38.65718184802064
3739,34.69728500025417
3740,33.39952001808677
3741,32.41334195105877
3742,39.06514773048811
3743,33.66379452102052
3744,36.13858874531644
3745,39.131230417665904
3746,37.92159155965627
3747,31.82549799978601
3748,32.93661851218903
3749,33.55048213094856
3750,32.82348561388722
3751,33.490933883935135
3752,33.930968958821516
3753,34.70477126630443
3754,32.55149476296599
3755,34.54826857491355
3756,34.264994699479836
3757,36.661030133030614
3758,34.46491120788108
3759,41.548164589544186
3760,34.56447698828067
3761,35.00667700646305
3762,32.72826441787082
3763,31.351255068635595
3764,32.25219447766448
3765,38.98191793115066
3766,32.883749359048046
3767,33.494006248594
3768,33.62537299163514
3769,32.82848030136956
3770,33.095791905122965
3771,36.54922677774282
3772,38.81188327614345
3773,34.22671848937651
3774,34.192627006887534
3775,43.599259923854916
3776,34.014212778176415
3777,32.99891699102972
3778,37.5304937124329
3779,36.886565924188915
3780,32.00919515368717
3781,33.53546820386222
3782,33.41280066846388
3783,37.54089376344048
3784,35.18754820451566
3785,35.550708617322165
3786,33.671927840422654
3787,32.279903082644815
3788,37.17002824860314
3789,39.961159799032515
3790,32.77970587333733
3791,33.406352577269494
3792,33.826338187869844
3793,35.411414636716565
3794,33.11842303095303
3795,30.05140999866579
3796,30.288897492388053
3797,28.0219714159483
3798,27.88343704461031
3799,30.198220449330464
3800,30.26141960055242
3801,34.50455129889489
3802,29.457691264360143
3803,29.88431314582784
3804,30.87115965178255
3805,26.501241839669966
3806,31.517718851793035
3807,29.259522884733613
3808,29.35901874889702
3809,30.368239905063444
3810,28.890241797106576
3811,29.986640682196086
3812,30.99706925588106
3813,31.12518047875083
3814,29.837126273985078
3815,31.869434776133758
3816,32.8432933428763
3817,31.160035709432073
3818,30.975775708584614
3819,29.788153043326407
3820,32.48330135671757
3821,29.12709787821268
3822,30.020988046990627
3823,30.631158880399546
3824,31.42298200869216
3825,28.911949801513536
3826,29.064469226895778
3827,29.742168262187874
3828,33.2546483910928
3829,29.862499492295818
3830,30.406022006337437
3831,30.55936323419205
3832,28.799757289062914
3833,30.655263264207232
3834,28.094629303013676
3835,30.243558970859254
3836,29.84581895912535
3837,31.28074109439963
3838,30.56106275425929
3839,31.489736309875077
3840,32.56845109975513
3841,29.84882563939326
3842,32.904813800832564
3843,32.28456865856113
3844,29.746803727348667
3845,35.096339462062375
3846,29.905263848682864
3847,29.53667492259822
3848,32.552554821617704
3849,31.775197104574413
3850,38.87294629583303
3851,31.39150803097573
3852,29.5213745908541
3853,30.09368996913907
3854,30.141150488213817
3855,30.005531732833084
3856,29.985488399553176
3857,31.244141791874554
3858,30.723454690073595
3859,29.347493468977657
3860,29.44606600242968
3861,30.430580372165537
3862,31.72018974240802
3863,28.36956674766906
3864,33.37304690945941
3865,30.23307851293947
3866,28.862623169294707
3867,35.98633252816575
3868,30.05190067530571
3869,30.539114020626762
3870,29.569586359539365
3871,30.869875926280265
3872,31.30836865836799
3873,31.057680730641042
3874,30.732987719505893
3875,32.985120023946386
3876,31.912404471180444
3877,30.32290138353465
3878,30.672115948167153
3879,31.50687281180413
3880,30.460941944828686
3881,29.587921402444906
3882,31.610029744389365
3883,30.876429210876772
3884,28.62648503633223
3885,30.01814673939669
3886,31.46882795451223
3887,34.7740706891298
3888,30.43218260574733
3889,30.144066104171067
3890,32.79779835225724
3891,28.752425373912217
3892,29.62916387783443
3893,29.773026490286362
3894,30.34310961157314
3895,32.68480195799577
3896,28.108870248878485
3897,28.86667125157406
3898,29.699285644492576
3899,33.52920197905149
3900,36.23095464165131
3901,30.807153937042358
3902,31.47702205600652
3903,32.41696227971894
3904,31.43040343498879
3905,29.892185429011093
3906,30.902585557782498
3907,30.145325507546872
3908,31.61620710821717
3909,32.23279677019917
3910,35.060147990169
3911,31.295254988621338
3912,37.559790408824455
3913,32.4530427733858
3914,32.26517313943816
3915,32.06369734815727
3916,34.08530884297963
3917,35.27445485889847
3918,36.050401365560944
3919,31.106033197393522
3920,34.609079334190604
3921,37.12273364958234
3922,31.79855171807332
3923,31.847731073963395
3924,43.80408192072082
3925,33.159207290125224
3926,31.21077039265208
3927,28.900556498032927
3928,39.017694117106146
3929,34.66259517049038
3930,42.41330683522484
3931,34.29982261941937
3932,34.23082128815254
3933,33.1163055638289
3934,34.44493006290906
3935,34.683657810450114
3936,34.999023208830536
3937,34.22065159204934
3938,34.40262010073305
3939,37.417753860086044
3940,33.98938594580066
3941,37.37003598045532
3942,35.082547679872235
3943,32.930254971720295
3944,34.33102311306146
3945,32.67044350893746
3946,29.539231849094794
3947,34.27588884124211
3948,34.70880845007059
3949,33.16976367802417
3950,33.83803565614165
3951,31.806526022737497
3952,32.35675304456584
3953,30.082082639108783
3954,35.73904232459505
3955,32.20125410361436
3956,32.419467390903364
3957,33.93314418372035
3958,34.74083141336072
3959,34.20479815048934
3960,33.205804402321036
3961,32.95920433779521
3962,31.243509893268204
3963,36.971834328023334
3964,46.07408918118085
3965,39.95522527118668
3966,33.547929894221355
3967,30.70726812478042
3968,33.64260967166471
3969,34.20906404091686
3970,34.36577065298779
3971,37.46017199343929
3972,32.50439864336263
3973,33.22341669521485
3974,31.522671447095277
3975,33.482878638591934
3976,29.171516725267843
3977,36.38268334844595
3978,35.988728728907795
3979,32.32086867357704
3980,30.360143603924328
3981,31.598529576080153
3982,35.39803145145325
3983,32.409481906425
3984,32.87852224895586
3985,35.64722207897611
3986,39.322964729417436
3987,32.7231946521999
3988,31.70784400251828
3989,30.665642500945744
3990,36.63602249822204
3991,32.45092974762468
3992,35.58514955395255
3993,41.567376440419324
3994,30.39374504640044
3995,33.02906531460185
3996,28.114422963222612
3997,30.658226151095715
3998,32.862869844656885
3999,34.565137042501924
4000,32.7335389399483
4001,32.57651547801631
4002,36.367638911437815
4003,33.02213976190525
4004,33.949097043055986
4005,34.547693251049026
4006,31.593590650278063
4007,35.26528445453297
4008,31.043951359609462
4009,36.32974901049911
4010,34.25869997239038
4011,30.95165564303543
4012,37.47536845471605
4013,31.12173260970112
4014,32.14285370060142
4015,33.48211846153206
4016,33.606725300675905
4017,38.880232257359395
4018,39.631561398378025
4019,31.495508534225102
4020,30.945915685464744
4021,31.24903775958808
4022,33.83602090291505
4023,32.27227225835371
4024,33.40975869110083
4025,27.87629430220187
4026,32.61321653247366
4027,31.634714025377352
4028,31.09572806379568
4029,31.554036959767537
4030,31.29684319210206
4031,33.66929933333868
4032,31.608028000508995
4033,31.0648048807452
4034,33.29012795238992
4035,30.49125075137539
4036,31.453041954145263
4037,31.487342144733958
4038,31.219869702357432
4039,32.08673014480917
4040,29.164668744993293
4041,30.83944965583638
4042,30.20021883122888
4043,29.32770051507536
4044,31.507044710851993
4045,33.22558732955293
4046,29.953145317969422
4047,31.470887203448342
4048,30.44282185556438
4049,32.36906019068814
4050,32.33128836694379
4051,31.068117593094343
4052,29.851731204624876
4053,28.924355681300895
4054,30.83944965583638
4055,31.177687646363793
4056,33.45449107582725
4057,30.207436884803943
4058,29.058803959225717
4059,30.464688314219153
4060,29.926243726915132
4061,33.094004824312975
4062,33.63879129119337
4063,29.997189420269528
4064,29.538467679467175
4065,32.27733885186488
4066,30.24974744612878
4067,30.46343766376454
4068,32.306735586575016
4069,32.152853412968426
4070,32.910251760978284
4071,29.92096677451687
4072,30.823116231746525
4073,31.88801572994668
4074,31.576347768180376
4075,30.382113781320438
4076,29.284092438466676
4077,30.199071389864095
4078,31.45240676543066
4079,30.97870256634604
4080,32.31947904146131
4081,31.46240076257783
4082,30.348766373803656
4083,31.191113226013414
4084,32.08717625563311
4085,31.126548674247324
4086,33.46061224988276
4087,28.208036044511726
4088,28.983428231759202
4089,30.13785484834034
4090,30.792966024250582
4091,30.92086930016308
4092,30.047278587478417
4093,31.485911498634266
4094,31.662523966326575
4095,31.13072905210546
4096,31.446030883806063
4097,30.048263363239304
4098,30.784852860000957
4099,29.4134509915471
4100,31.113145049257902
4101,31.795668314186177
4102,31.54450912904845
4103,33.19799711527076
4104,32.94552847525226
4105,31.35215929393793
4106,31.89888107563329
4107,31.485224849018607
4108,31.015185200210556
4109,31.137131835278595
4110,32.694778146770346
4111,31.34063661987385
4112,31.08209174481567
4113,31.994555175292945
4114,30.88391286585876
4115,30.88391286585876
4116,32.17494314916403
4117,32.238135205397626
4118,33.66385180520014
4119,32.13311733791618
4120,31.50873194478004
4121,31.496234786738434
4122,30.401169442758604
4123,29.996420943550643
4124,31.079550989957248
4125,30.092532098942236
4126,30.15190810331189
4127,29.291177163985548
4128,30.844755046799882
4129,30.848111320126456
4130,30.99078003606485
4131,30.654090040028784
4132,33.79933849330142
4133,29.99147272183808
4134,31.787468812385043
4135,30.690180307904093
4136,31.23883146486196
4137,30.549803601976286
4138,33.88295955432678
4139,30.39164161203953
4140,8.989630698088824
4141,8.788825167888117
4142,9.895080818726266
4143,8.84338331445365
4144,8.413726268744291
4145,8.336680658120255
4146,8.786627024164632
4147,8.710351869646837
4148,8.995597547520976
4149,8.522129547867822
4150,9.736573625884159
4151,8.383009268128813
4152,9.12561785026925
4153,9.296195024896873
4154,8.074725581998528
4155,8.696809535585075
4156,8.26171405603687
4157,9.956624561316106
4158,9.776106342319938
4159,10.618042428339855
4160,10.449935273994283
4161,10.148633790723045
4162,9.081071948873632
4163,9.564199103509392
4164,9.252803366702738
4165,9.568978750086782
4166,9.21197147556872
4167,9.439257900722163
4168,8.564393240631299
4169,9.57581091597003
4170,9.043851469307755
4171,8.4307940371911
4172,8.485094834374983
4173,10.025268351468739
4174,8.616709152794057
4175,8.7704558851202
4176,9.180761708572433
4177,8.368212287653428
4178,7.956348286571471
4179,10.847401371141014
4180,8.916622386174367
4181,9.414249128931441
4182,8.483133112878889
4183,8.812958052635922
4184,9.398247600701252
4185,8.161829925120703
4186,9.394464496246444
4187,9.173412599093755
4188,9.777794729945116
4189,9.011936326493656
4190,8.882644759506666
4191,8.965873129622477
4192,9.42584729744047
4193,9.32881063226553
4194,8.466240546782453
4195,9.450216506020999
4196,9.704967598051805
4197,10.011682933003277
4198,9.487267045352635
4199,9.331885343304664
4200,9.598516547673933
4201,8.385672994285237
4202,11.764757192254098
4203,9.42759242097921
4204,8.358938278967198
4205,8.808456284325358
4206,8.187725810913783
4207,9.61137114187186
4208,10.813567893860705
4209,8.274830154035959
4210,9.293709765560829
4211,9.136549794255098
4212,10.664706202449379
4213,9.240442175936877
4214,9.064118837348127
4215,10.189379533277986
4216,9.214616051658586
4217,8.466041189538391
4218,9.155131184403796
4219,9.374811714333234
4220,11.565676340145732
4221,10.33283109854507
4222,8.414876787282845
4223,9.102052130756155
4224,9.773273463315629
4225,9.83990619361148
4226,8.489359228016436
4227,8.69590737238816
4228,10.13487166608054
4229,9.167974224711479
4230,9.27238402520345
4231,8.853320690773119
4232,9.122906009381836
4233,9.172495954563786
4234,8.300726039829037
4235,8.845999994164764
4236,9.208073574614756
4237,9.061123413571273
4238,8.915949508367644
4239,9.022605313909155
4240,8.881253434317799
4241,9.374729021005692
4242,8.61854641072482
4243,9.292857489050766
4244,8.47022638320192
4245,8.351813963115502
4246,9.452288928297225
4247,8.881663114124128
4248,8.28623883099375
4249,8.839831298612236
4250,8.885773375473875
4251,8.775293697716632
4252,10.699602035564629
4253,9.839933487273456
4254,8.579839128572956
4255,8.931286445689542
4256,8.906709613588898
4257,9.986797904651414
4258,10.722132699996315
4259,9.251998011089684
4260,9.169177390608768
4261,10.109212889498352
4262,8.9518311314436
4263,9.102815794827375
4264,9.31551239617185
4265,9.447283932489736
4266,9.504001383226322
4267,9.265705853675136
4268,9.428371514333291
4269,9.084826058248144
4270,8.661048016379999
4271,9.543155612912207
4272,9.003149623798514
4273,9.39592083298055
4274,9.44983899517321
4275,8.697813697594936
4276,9.086192984610912
4277,8.986469872422962
4278,9.375946498329066
4279,9.614617060684264
4280,9.715744835268442
4281,9.18856645916864
4282,9.047473323135602
4283,9.41936232724076
4284,8.79590831794565
4285,8.995842175831473
4286,9.371124069290861
4287,9.528166336279869
4288,9.063869686447592
4289,9.606481850942599
4290,8.898961474159305
4291,9.42041921235887
4292,9.604950709048369
4293,9.70978705243735
4294,9.559336258192467
4295,8.775801506232682
4296,8.779939634854276
4297,8.829147788779848
4298,8.983344572484974
4299,10.428649414087692
4300,9.309814412345489
4301,9.5598970375313
4302,9.617489298766253
4303,9.677279966864939
4304,9.708640380872714
4305,9.232587242539486
4306,8.444464730677455
4307,9.539121091685033
4308,9.479936363090307
4309,8.26426514508632
4310,8.956111155632998
4311,9.130646035534431
4312,9.679852190885569
4313,9.169694995507655
4314,10.077181676019277
4315,9.361633105845936
4316,9.13413177912719
4317,8.737559637593263
4318,9.157384712781658
4319,9.355612778722637
4320,9.297933831379273
4321,9.619986108024763
4322,8.330156885445556
4323,8.909072687467486
4324,9.752989455738545
4325,9.849466010225072
4326,8.744213166935713
4327,8.743770799113609
4328,9.066651555821956
4329,8.654302397987891
4330,9.326172612904784
4331,9.171437027152562
4332,8.557435642046991
4333,9.068108924913265
4334,9.68013441070566
4335,8.82649358184722
4336,9.326981315775022
4337,9.303050624137253
4338,8.983040475715612
4339,8.8319153570902
4340,8.916736617556612
4341,8.713008317417174
4342,9.22024631457923
4343,8.77134506002481
4344,8.70004192069887
4345,8.96571467539889
4346,9.736718868591067
4347,10.77425579524069
4348,9.417148093463265
4349,9.567986981213911
4350,8.818137745207457
4351,9.525327319901795
4352,9.549732960779593
4353,10.236859672102502
4354,9.551505346516569
4355,9.227719260042713
4356,9.658889932610382
4357,10.550952443170411
4358,9.513438495332863
4359,9.061216629273165
4360,8.754376284079457
4361,10.063763387577712
4362,9.173264232977909
4363,9.23764331317516
4364,9.818229248660048
4365,8.251483469698906
4366,9.382992302055143
4367,8.570804980670605
4368,9.433437356073659
4369,8.81755547312193
4370,11.084908141831388
4371,10.720806105115072
4372,9.848240210516435
4373,11.88148370196103
4374,10.987528196211663
4375,10.992330424819253
4376,10.416594832624234
4377,11.440870948328506
4378,11.30064671876814
4379,13.008344219736461
4380,10.876261683621982
4381,11.941132333893506
4382,10.630178767804109
4383,11.673519615453337
4384,13.261184592262998
4385,10.866463319600122
4386,11.54917809047246
4387,11.439102668456766
4388,10.899537258317435
4389,10.866843094965542
4390,10.692630872910573
4391,10.577066230984466
4392,11.27485722220313
4393,10.500468745388302
4394,11.426578914636682
4395,10.735004428763087
4396,11.078577606915097
4397,11.818821993303697
4398,10.463175109547148
4399,10.055967754936123
4400,10.628257933271286
4401,12.135520704827881
4402,11.438457265111442
4403,10.768962724355793
4404,11.396461352062007
4405,11.65437898894486
4406,10.355589177049271
4407,10.665557764241031
4408,12.468062146911667
4409,10.808626247354896
4410,10.153563201703204
4411,10.0367681205669
4412,9.542999730383553
4413,9.727761408588682
4414,11.255841868407787
4415,10.837223461612105
4416,11.820910924111999
4417,10.893765156012751
4418,10.517025091703179
4419,10.697241251498356
4420,11.206091902244166
4421,10.939317918852483
4422,14.145600378898855
4423,10.447062720341938
4424,10.673506923364787
4425,10.510440736460941
4426,11.190994687852125
4427,10.693131787614945
4428,10.457952557350358
4429,11.504116866298066
4430,10.791941243102427
4431,9.771393714423816
4432,10.998301290738528
4433,12.021596812909452
4434,12.115917450733667
4435,12.215132881945546
4436,11.310763017683795
4437,10.746357270479026
4438,10.0834207360107
4439,11.293164539180061
4440,10.666444493196918
4441,10.84318032783496
4442,12.235150176410404
4443,10.50810331598668
4444,10.961375438156383
4445,11.04287195565885
4446,10.715388919170811
4447,10.945684648032808
4448,9.926891825644782
4449,11.211198303454855
4450,10.378573550786435
4451,10.21978528289979
4452,12.481539516693843
4453,11.82900277489056
4454,13.002291755561052
4455,10.926655990832183
4456,9.835438008097713
4457,9.801564989735343
4458,11.12714488403275
4459,9.91064575432319
4460,11.286920081995312
4461,9.813574054979549
4462,10.776018277857025
4463,11.22966452084119
4464,11.9723802281603
4465,10.67653197376973
4466,11.828055272235332
4467,11.155386975335096
4468,9.605219613477232
4469,11.510131981743346
4470,10.616107102266794
4471,12.470951014882038
4472,10.659291245020286
4473,11.048584859859847
4474,12.319745073380396
4475,11.577028498452336
4476,10.982643603215903
4477,11.245984678039024
4478,11.10299344127591
4479,11.563103294462396
4480,10.740424086194155
4481,10.002097772514924
4482,10.244493593569114
4483,12.491236208219131
4484,11.07191352330155
4485,11.430716518380954
4486,11.037390402140181
4487,10.463235391691509
4488,10.468126080131245
4489,9.80934398898953
4490,12.056671319922586
4491,10.372228219894028
4492,10.17071042748501
4493,10.514938267835364
4494,10.914725301092622
4495,10.434613662990332
4496,11.195172921437262
4497,10.716417300239684
4498,13.178071429741582
4499,11.433433387046296
4500,11.388965619886784
4501,11.013861217232522
4502,9.711692359269977
4503,11.444950873132772
4504,10.444939857366306
4505,13.56587305146594
4506,10.598475856874186
4507,11.162745462909223
4508,11.430182725559904
4509,11.558867737387967
4510,11.136128992324256
4511,11.581577458472868
4512,10.789632050616852
4513,10.217218580322356
4514,12.857757381959903
4515,10.78238982907381
4516,11.612591619119307
4517,10.374714457663039
4518,10.9169577815888
4519,11.653232296479361
4520,11.402309172008174
4521,10.572664508042052
4522,10.195871087478722
4523,11.247850914430744
4524,10.03532846398791
4525,11.274802352772483
4526,11.038478588476213
4527,9.592571519908635
4528,11.062109476039701
4529,10.612307120763594
4530,10.718590233306907
4531,9.97359678751626
4532,10.817869135780192
4533,10.231223872229844
4534,10.169931879853165
4535,10.487199115282777
4536,10.291175925150055
4537,11.284523450765779
4538,10.285702286335374
4539,9.54590223498493
4540,11.178442120923037
4541,10.217335606884529
4542,10.733275148277759
4543,10.069566047013135
4544,12.957901613128119
4545,12.98869745441758
4546,10.652178592684868
4547,10.84875933818189
4548,10.900765776656677
4549,10.442494133075723
4550,11.602897997663991
4551,11.185496579911929
4552,10.796352142734612
4553,10.827021809192981
4554,11.135122086492483
4555,10.562739421357323
4556,12.410823244790919
4557,10.621970803791363
4558,12.299054080367883
4559,12.992723119228334
4560,11.221009860148817
4561,10.449301590733423
4562,10.634793108098618
4563,11.479709441282065
4564,10.4481405560257
4565,11.52277053240349
4566,9.75414951051744
4567,11.271037836621408
4568,9.305963715356738
4569,10.880870783087262
4570,11.22817994881173
4571,10.302881311044487
4572,9.888111650069469
4573,11.060934731476815
4574,13.819519027260846
4575,11.62676174542365
4576,12.540224222550258
4577,10.73074370618567
4578,10.054712810605254
4579,11.676112758726237
4580,10.603366098531781
4581,10.180787911680042
4582,11.280083231056222
4583,38.38580760910622
4584,10.38470899608883
4585,9.999093655520582
4586,9.97763968379016
4587,10.510262979865084
4588,10.55496669591647
4589,10.629620846762322
4590,10.77439659848085
4591,11.717059592891879
4592,10.612395978087589
4593,13.096508139295993
4594,10.524220222173007
4595,10.705694495521326
4596,10.331564198784948
4597,9.112528219454344
4598,11.39186413501422
4599,10.565060821258658
4600,8.52866157574436
4601,10.41224645244512
4602,10.018666840255062
4603,10.818404383313432
4604,11.299530933649669
4605,13.239687368947891
4606,10.816959858473655
4607,9.561958617000855
4608,12.146968697855694
4609,10.60233291987806
4610,10.951548729917606
4611,8.895406214376006
4612,10.891131936413498
4613,11.121905548335945
4614,9.341817819443825
4615,10.47849252578404
4616,9.509454797786585
4617,9.799069130017395
4618,11.042107277880742
4619,11.286742028564047
4620,12.13446714186663
4621,10.440081945502186
4622,9.438039491578637
4623,8.96206980498387
4624,10.50045665214241
4625,10.35199767006595
4626,10.418221588471768
4627,10.46602267668495
4628,9.247094927248806
4629,10.899498583796495
4630,10.36807207668684
4631,10.824429579820714
4632,10.984371631281254
4633,9.915122557557254
4634,10.9298177800653
4635,9.88900875019065
4636,10.013271232471801
4637,9.604489709463824
4638,11.24616761094683
4639,9.59694347141775
4640,11.693954364996358
4641,9.557230507846564
4642,10.15635475739086
4643,8.756614196017894
4644,9.70135371585855
4645,9.431673741721449
4646,11.06480330992029
4647,9.925142972011882
4648,8.879061186477026
4649,9.885937199605365
4650,9.329282569038272
4651,10.67722315206729
4652,9.76747132234549
4653,10.41706018095764
4654,9.851882608554718
4655,11.366156260867179
4656,9.914794674336862
4657,9.271574978575806
4658,9.305637747167111
4659,8.927555044084599
4660,8.913526463848124
4661,11.148113653822206
4662,9.411875076058225
4663,7.744478110808348
4664,10.117757605417479
4665,11.444375552411437
4666,9.72369655499853
4667,9.925274551857663
4668,10.673562086763834
4669,9.683539645716992
4670,10.55253225480989
4671,10.095678652876634
4672,9.661457621270685
4673,11.01040952641714
4674,9.474831168252372
4675,10.658612568326468
4676,11.186156462157454
4677,9.763034933723697
4678,9.95025586255866
4679,10.56145735080872
4680,10.307032100671538
4681,9.197215530852443
4682,10.088809741437446
4683,11.560697286883721
4684,10.316871519579008
4685,11.921933729133759
4686,10.094311145451751
4687,11.039735931853182
4688,10.529422103185757
4689,11.140244745019892
4690,11.173828465947517
4691,9.540136381077446
4692,8.085032115838851
4693,11.23262292593019
4694,10.801210343135219
4695,13.282220353497987
4696,10.176933389865871
4697,10.018666840255062
4698,12.423270115346341
4699,10.746310875753153
4700,9.918723799736355
4701,9.345294988904147
4702,8.679880222375823
4703,10.698941643785831
4704,9.377461531466574
4705,12.082426866154616
4706,10.165447355692278
4707,10.727719999025544
4708,11.355835480255797
4709,10.472925628864806
4710,11.350182938768572
4711,9.949231700739814
4712,10.007513595272808
4713,10.488084717398726
4714,10.158414785506391
4715,7.986258860294306
4716,7.437618967692501
4717,7.558495632293296
4718,7.3821076733513795
4719,8.105652321814755
4720,7.682138353292274
4721,8.35142027453871
4722,7.345100143790628
4723,7.912454039287351
4724,7.435910927866621
4725,7.8949940766227975
4726,7.867068981056807
4727,7.547421527927694
4728,7.198493392069199
4729,7.374177488445504
4730,7.587072452457068
4731,7.655868500999489
4732,7.4430127776689705
4733,7.604831336788129
4734,8.007677259580204
4735,7.7507596024373075
4736,7.302399148143611
4737,8.00127211023315
4738,7.7151438586401095
4739,7.307186835534337
4740,7.820707900068616
4741,7.572364331734207
4742,7.671607074356912
4743,7.413218398751349
4744,7.2611215190181575
4745,7.967111313715538
4746,7.56521958997889
4747,7.345647592452771
4748,7.545225476722992
4749,7.424808668998397
4750,7.818511848863912
4751,7.178785240232111
4752,7.501670461163032
4753,7.415270786773517
4754,7.504042738698976
4755,7.753606335480439
4756,7.399188071610187
4757,7.5879264723700075
4758,7.4760498637748185
4759,7.589065165587263
4760,7.598855333855349
4761,7.5116340268140025
4762,7.711804308162833
4763,7.704073180529903
4764,7.481096345078559
4765,8.005158259317827
4766,7.6020178009335275
4767,7.6767445433158095
4768,7.922861365772725
4769,7.642583746798193
4770,7.477035271366676
4771,8.488567534501483
4772,7.561451855068862
4773,7.968819353541418
4774,7.463239565080711
4775,7.718225510515769
4776,7.7928912514757
4777,7.290537760463883
4778,8.19159654797415
4779,7.384825009438009
4780,7.105771230092813
4781,7.9948669608861
4782,6.970754748618431
4783,7.017929181904661
4784,8.211353537293663
4785,7.6050068706288165
4786,7.307186835534337
4787,8.221254614631354
4788,7.813387729386266
4789,7.726671861303091
4790,7.551488289417884
4791,7.948133093427977
4792,7.907110845993733
4793,7.40833828496312
4794,8.036746783539904
4795,6.9764482147047
4796,7.466086298123848
4797,7.3485568910572905
4798,8.016454686463204
4799,7.454699365951312
4800,7.778222203559315
4801,7.6728650996538565
4802,7.913592732504606
4803,7.848687219121137
4804,7.453016293345316
4805,7.505940560727733
4806,7.72585068830988
4807,7.71090533983342
4808,7.80933494896817
4809,7.869367347215086
4810,7.7023651407040195
4811,7.462290654066335
4812,7.869753043640335
4813,7.325173012488689
4814,8.057323418351308
4815,7.389793852567843
4816,8.170642070408283
4817,7.884149379315614
4818,7.310464891765825
4819,7.781132677560425
4820,8.139283198687577
4821,7.713752072876558
4822,8.141331375955373
4823,7.887920376333794
4824,7.270610629161936
4825,7.902585364737822
4826,7.537661300351234
4827,7.7211535787887104
4828,7.104551201645755
4829,7.516920816751254
4830,8.710914356970498
4831,9.154056885493103
4832,9.692953808476805
4833,8.471272515595361
4834,8.526763824809667
4835,9.168564417313837
4836,9.527751982327597
4837,8.800914125404653
4838,9.379239009841003
4839,8.59746833111533
4840,9.223756114457931
4841,8.597818016343185
4842,8.083250355029211
4843,8.53179021151386
4844,9.034343940599383
4845,8.413100466805487
4846,9.031274058271702
4847,8.359114495968235
4848,8.222499882982442
4849,8.78173194444168
4850,9.092399875254989
4851,9.092399875254989
4852,8.401417971079866
4853,8.552901035671473
4854,8.363685500629142
4855,8.658455156459555
4856,8.655439324437038
4857,8.919361287867464
4858,8.19949020162547
4859,8.579485036462547
4860,8.147885964795737
4861,8.891612481044778
4862,8.449266080715907
4863,8.421023541551062
4864,9.365835311963155
4865,8.727521433024593
4866,8.29353948173505
4867,8.855745863146524
4868,8.452677931084814
4869,8.860936799210501
4870,8.460157756893574
4871,8.237731357843638
4872,9.167460583370953
4873,8.306470107923097
4874,8.670183392102674
4875,9.694970559852612
4876,8.837897161799287
4877,7.940687135100621
4878,9.44089602007912
4879,9.36449494217537
4880,8.905999116767006
4881,8.571666212700471
4882,8.77403094491547
4883,9.009520343376943
4884,8.809045702117215
4885,7.793432620914782
4886,7.867972074113277
4887,8.484408139515656
4888,8.151933355919637
4889,8.896024054431734
4890,8.211880030048452
4891,8.97772379341115
4892,8.774955630514542
4893,9.233860440550467
4894,7.781965012730399
4895,9.121805422298005
4896,8.481191252024969
4897,9.094745522383612
4898,8.834691444056835
4899,7.959452312129612
4900,9.144004112084712
4901,8.833440432254903
4902,8.765051787082577
4903,8.222378031183553
4904,9.401303558655316
4905,9.25355963091574
4906,8.977833531288514
4907,8.415749668268402
4908,8.343356558847736
4909,8.473149033298261
4910,8.450053430801042
4911,9.501480734487009
4912,8.323027617066325
4913,8.977201922391364
4914,8.379323148153302
4915,8.94853351803272
4916,9.280051645544905
4917,8.73720188149193
4918,7.726711991478366
4919,8.426236090725782
4920,8.725138553401864
4921,8.088462904203931
4922,8.859175532180375
4923,8.82047672462178
4924,8.741222990855288
4925,8.530784934173022
4926,8.630094150268011
4927,8.330846440828406
4928,8.222946672911704
4929,9.014452216826868
4930,9.090693950070536
4931,8.9015808461533
4932,9.353027333990983
4933,8.41748820483498
4934,8.287373780711242
4935,7.857651226747333
4936,8.312138894662564
4937,8.885982927936078
4938,8.67956598061717
4939,8.625355469200082
4940,8.491914210327254
4941,9.298816822573896
4942,8.94644849836283
4943,8.933938380343504
4944,8.623270449530196
4945,9.744856415708544
4946,8.752222295724238
4947,9.048174860724068
4948,9.303836178974016
4949,8.789338783347333
4950,9.969993051507798
4951,9.396118240954616
4952,9.587972807845706
4953,9.245018958432368
4954,8.586480760033522
4955,9.903496043949934
4956,9.656192671101568
4957,8.774412302674644
4958,9.53827960512313
4959,9.17269266938525
4960,9.157080634104783
4961,9.459848829995323
4962,8.890540613589156
4963,8.869125316709482
4964,8.897730120034712
4965,9.142509401176348
4966,9.888302108759596
4967,9.989012553958005
4968,9.645772031795168
4969,10.606691145509219
4970,9.218134950703107
4971,9.227091938984751
4972,9.815360732228942
4973,9.418103294360114
4974,9.070694038886193
4975,10.528284113445084
4976,9.304260498618072
4977,10.600367403577694
4978,9.986860309261662
4979,9.141728799412324
4980,9.796792489276577
4981,9.17560691597094
4982,10.233878621449868
4983,10.325071291126292
4984,9.940129831374175
4985,9.470266738482735
4986,9.119264815314313
4987,8.63585777202179
4988,9.5229513427634
4989,8.329180185416853
4990,8.304490040732556
4991,9.93768239812819
4992,9.316947875376778
4993,9.95253145447379
4994,8.892601191983076
4995,9.681066795999607
4996,9.154478628224705
4997,8.859615383096726
4998,10.597759249786378
4999,9.777398835915385
5000,10.212573150029108
5001,8.889168249175695
5002,10.106334154525454
5003,8.588397798629194
5004,9.679221725516163
5005,9.036087360681156
5006,9.198994943661505
5007,9.681564957809126
5008,10.044227083826312
5009,9.586932005493672
5010,9.260120066955874
5011,9.44289563465532
5012,9.54706126923894
5013,8.711851052701883
5014,9.5207832337868
5015,9.587972807845706
5016,8.924981709601827
5017,8.336261658568853
5018,8.588986220899045
5019,9.353618811580013
5020,10.195917026137709
5021,8.903166975213098
5022,9.39271828660465
5023,8.64003315455684
5024,9.311809714203966
5025,9.217402581127603
5026,9.71522116976948
5027,8.578914927551452
5028,9.037388363621195
5029,8.225562529036855
5030,9.699685593630386
5031,9.068265500064786
5032,9.982205609853969
5033,8.65784243924715
5034,9.702461066569136
5035,10.050609453323576
5036,8.876410933173704
5037,8.796722344966964
5038,8.584986274604965
5039,9.244670657159087
5040,9.267966115455799
5041,8.02156526803874
5042,8.869125316709482
5043,9.181435409142317
5044,9.30059571397931
5045,8.836284173034384
5046,9.690433550641144
5047,8.93372444935889
5048,10.039681028627248
5049,9.410080041871518
5050,8.761460095627145
5051,9.653815973387369
5052,8.441216776377722
5053,8.588224326366841
5054,9.349490295583617
5055,9.855876617026784
5056,8.674521116602131
5057,9.08923924443148
5058,10.297106143696299
5059,8.433533762651816
5060,10.295370307297746
5061,10.581391167169528
5062,10.545183239160238
5063,10.379644532320574
5064,11.518561228746535
5065,9.772628209573211
5066,9.107819524139783
5067,11.404478404343482
5068,10.662731061939203
5069,11.253150719257933
5070,10.625056865256148
5071,10.41489818774421
5072,10.234460032736047
5073,9.395727163354337
5074,11.717472100504471
5075,10.921918437782875
5076,9.852046795410413
5077,9.272038687284008
5078,11.961246456943087
5079,10.739525428396494
5080,10.176491950558574
5081,10.34198864936165
5082,11.217582862066672
5083,10.780197163554655
5084,10.712275688306324
5085,10.32499871914131
5086,10.330107573663891
5087,10.607454945873842
5088,10.473056634165994
5089,11.01168157677052
5090,9.498152003102646
5091,11.112869027389147
5092,9.926675357413753
5093,9.943844354692192
5094,10.555044574657598
5095,11.085240790401441
5096,9.295589940084849
5097,11.284596941987676
5098,11.635746429136496
5099,10.676498258820367
5100,9.42507697123543
5101,11.173512895399247
5102,10.499150790151116
5103,10.842336756889573
5104,10.9777677915337
5105,9.918433265617649
5106,12.497644319259596
5107,10.717009875498022
5108,10.536072867094209
5109,10.47694835140023
5110,9.042660085281994
5111,10.143336874555937
5112,9.726285222228196
5113,10.198645145414135
5114,10.666250780009465
5115,9.602426651323496
5116,10.63999892389711
5117,10.956886045546065
5118,10.974661580476637
5119,11.783222559706864
5120,9.96502026225431
5121,11.252712322839427
5122,13.28362765180962
5123,9.082565891298819
5124,11.064753448922449
5125,11.829662789863136
5126,10.530840512314095
5127,10.014383623249902
5128,11.191426455820968
5129,10.324112335583843
5130,9.270541248106403
5131,10.307858205684996
5132,10.15369759863278
5133,10.204943294933102
5134,9.589359662102337
5135,9.84173053695063
5136,11.628131784073654
5137,11.134527918608455
5138,12.236418695502909
5139,9.451716300528563
5140,10.813073149594324
5141,10.381177701415366
5142,9.923933055089556
5143,10.014653331747981
5144,9.743732028230179
5145,11.64915482928658
5146,10.173497072203359
5147,9.259227263208926
5148,10.695707373572334
5149,10.033178613183948
5150,8.963588102992952
5151,10.371365500870676
5152,11.532370981311672
5153,11.185075097088575
5154,10.809336294543817
5155,10.730512326952876
5156,10.65174980523565
5157,11.237089669844162
5158,12.215045775772115
5159,12.29912769744005
5160,10.586717027812858
5161,12.205870248583032
5162,10.012771933806885
5163,12.483983760232709
5164,9.194171850048447
5165,10.504569753827976
5166,10.318642592307517
5167,10.115176427917246
5168,10.843656732677452
5169,9.74754369159136
5170,10.74826414320814
5171,11.060130781318295
5172,10.441353054487177
5173,11.593818241922108
5174,10.452678306772142
5175,9.075116517288492
5176,7.623606755223912
5177,8.08526368805447
5178,10.153044322463433
5179,8.966929454277466
5180,8.918787975956002
5181,9.922056520369335
5182,8.706956498688823
5183,9.312438206527984
5184,9.249259612878072
5185,8.06262672106575
5186,9.218955429553269
5187,9.40529096046972
5188,8.207137459822025
5189,9.464060768276497
5190,8.96810540061454
5191,8.762314791626181
5192,8.815634284573088
5193,8.729388294188041
5194,9.424640482803753
5195,9.206000778141423
5196,9.000345094759213
5197,8.33922312772861
5198,8.782733132491161
5199,9.617139947659426
5200,8.951642151895474
5201,8.543353583662562
5202,8.795580466142813
5203,9.59041620219535
5204,9.085177391505699
5205,9.981563057171012
5206,8.737619918547578
5207,8.883731250929317
5208,9.38514705007898
5209,8.991624327356071
5210,9.136265726816463
5211,8.287624453559694
5212,8.852451859309582
5213,8.942841826492879
5214,8.349087248777549
5215,9.639612643332097
5216,9.782396677731166
5217,9.31333027670947
5218,8.531080980071986
5219,9.40355676233324
5220,9.755895175962713
5221,8.400123319806665
5222,9.710460677086841
5223,8.546924056567743
5224,9.256709096621124
5225,8.596035979563586
5226,8.71917853639888
5227,7.683972000527165
5228,9.429108660683964
5229,8.9932647602709
5230,9.604447144386352
5231,8.657836482447474
5232,8.930317446134808
5233,8.851705098068733
5234,9.527855857062885
5235,8.400756521680478
5236,9.702366293485023
5237,9.016499672918789
5238,9.236170731534193
5239,8.838457316951875
5240,9.524300181241127
5241,9.768630869579269
5242,9.087463953827793
5243,8.639733480400606
5244,9.973851708519263
5245,9.08783233741827
5246,8.69528585041283
5247,10.764665929845213
5248,9.050421644209887
5249,9.091195988194048
5250,9.152308155480279
5251,8.947526339715708
5252,8.780662694637707
5253,9.292111304578183
5254,8.789439179553511
5255,9.460486804184551
5256,8.945623482027802
5257,8.865526697057266
5258,9.85947272411842
5259,9.597502346118066
5260,9.088234834159106
5261,8.320015374869625
5262,8.33144096113624
5263,8.731368949264692
5264,8.946938366547169
5265,9.048675486913165
5266,8.769411668341771
5267,8.675859387493636
5268,8.921067547131491
5269,9.172735685879939
5270,10.143474835927837
5271,8.102138517991513
5272,9.12944523806142
5273,8.258755010057211
5274,8.689406118727446
5275,10.270158534927733
5276,8.470092126862708
5277,8.76231479162618
5278,8.655623940306594
5279,9.532227195603772
5280,9.459944956096729
5281,8.291615544158255
5282,9.565666899018336
5283,10.157231678768865
5284,10.457348276504367
5285,9.33019865280983
5286,8.777844317407142
5287,8.819936162142925
5288,9.411999863111568
5289,10.007974703073709
5290,10.58515844977484
5291,9.587392403011538
5292,12.183480406107263
5293,10.623856127532802
5294,9.321347863078316
5295,10.099018730176052
5296,10.297966349307378
5297,10.256728648364072
5298,9.087047422849679
5299,9.438788007549098
5300,10.942038091449628
5301,11.8685404745274
5302,9.607728037223803
5303,10.325579408052405
5304,9.599265223596124
5305,10.247545040981397
5306,9.852957973855178
5307,8.842609538842913
5308,11.802793822351317
5309,9.509705969186042
5310,11.546515872842885
5311,10.597852206494528
5312,10.114072036944817
5313,9.853840443598003
5314,10.654978770316875
5315,10.803454294963023
5316,10.380950780294937
5317,10.396694083123108
5318,11.020084666735256
5319,11.406496985709005
5320,10.857581655212073
5321,11.76125470468821
5322,10.66085943674538
5323,9.736026911333123
5324,9.949728895831063
5325,9.858630351663763
5326,9.29853622575593
5327,11.096524187938842
5328,13.87379997024716
5329,9.871932204700181
5330,9.692988541823908
5331,11.699557348781445
5332,10.208142324216327
5333,10.53112723950558
5334,9.459335637696377
5335,10.460006655121099
5336,9.370323784922737
5337,9.633305845181857
5338,10.157288270305113
5339,10.136098483894324
5340,10.409910436767081
5341,9.660055067829209
5342,9.40221827055368
5343,10.577819764296287
5344,9.888268626297835
5345,10.93397273167423
5346,10.224653911970446
5347,9.31032518561246
5348,9.441874107857693
5349,10.877218695244268
5350,10.134702445605264
5351,12.83294743599948
5352,9.3590927208826
5353,10.07152504452081
5354,9.611606662762759
5355,9.260885235214133
5356,9.517368793092784
5357,10.420697842099479
5358,10.030787588767694
5359,10.094216150861577
5360,9.33974534490085
5361,11.423811256380462
5362,10.645982031799047
5363,10.904139020445479
5364,9.716763796509579
5365,10.107434166673745
5366,9.747341927494062
5367,9.388330869979011
5368,10.33897952289811
5369,9.50034621151923
5370,10.39830850403238
5371,9.746927255381628
5372,11.887792518481994
5373,12.839109849132644
5374,9.830469036071923
5375,9.044889386342751
5376,9.075282798472871
5377,8.49780796800061
5378,9.944183432586888
5379,10.0296777478639
5380,9.934004934978415
5381,10.069499623804454
5382,9.802597133929815
5383,10.119120106390467
5384,10.145834540957024
5385,11.113656343779464
5386,10.228520723257528
5387,9.665318502825784
5388,9.558485232946786
5389,10.37150114011315
5390,10.649634664162306
5391,9.289252419868907
5392,11.059527413092246
5393,9.594159130358268
5394,9.881317568361606
5395,9.881437714134364
5396,10.667496074956802
5397,11.981370881169632
5398,10.666403219653303
5399,9.831083671728676
5400,8.95669325949589
5401,8.597016842772168
5402,10.081426313628336
5403,9.332846112650998
5404,10.374009791707875
5405,8.394516716273047
5406,8.893342892591821
5407,9.078813871219761
5408,9.601111818788583
5409,10.128380969275883
5410,9.2182146725947
5411,10.969147969573667
5412,9.397660970773753
5413,9.295563623152532
5414,9.352121261981786
5415,9.745857278413125
5416,9.062945026332347
5417,8.874945887489709
5418,9.612856762150862
5419,8.580065411023025
5420,9.8593103173164
5421,9.356462649061642
5422,8.811843892525644
5423,9.482181239028504
5424,9.32948057104192
5425,9.040873207877272
5426,9.140048943255893
5427,9.611292412179868
5428,9.067978685822688
5429,9.865348500757039
5430,9.607363245292884
5431,10.068301692252405
5432,8.9210588838096
5433,8.980722629048056
5434,9.174680363569008
5435,9.291904454213789
5436,10.437044070045058
5437,9.09518011202697
5438,9.926236552181354
5439,9.200163861535266
5440,9.10904105062562
5441,9.757711907948513
5442,10.212348960878037
5443,9.360345848751738
5444,9.245467857919722
5445,9.687150317928591
5446,9.232319446048965
5447,9.532102758121376
5448,10.537785781363995
5449,10.122962001389919
5450,9.013180142588556
5451,9.381379847073092
5452,9.27798268583809
5453,8.988793960369648
5454,9.012071376546231
5455,9.038114951390867
5456,8.707378230741574
5457,8.664340663825909
5458,9.026498542061518
5459,9.533947717250154
5460,8.920500996198076
5461,9.727947318613566
5462,9.220280278953693
5463,9.211747269701744
5464,9.654248944075148
5465,8.813465958169646
5466,9.884932219850809
5467,8.06190095237581
5468,9.073959871607139
5469,9.240319676512401
5470,9.467565669181285
5471,9.90906387526417
5472,8.550661374908113
5473,9.512761436588011
5474,9.320426540557584
5475,8.600694909376658
5476,8.964724760721058
5477,7.1997092711841315
5478,9.19773686172896
5479,9.336075850688632
5480,8.51299871889123
5481,9.226860859404676
5482,8.874945887489709
5483,9.470558617524429
5484,10.242901672143233
5485,9.072932946616396
5486,9.781632118209904
5487,9.017657349702255
5488,9.103892869218297
5489,10.213854424392611
5490,9.101627669399075
5491,9.244447535053709
5492,9.559359832869168
5493,9.655091491895847
5494,9.451601041468995
5495,8.955783650269115
5496,9.572745045039118
5497,10.180201144146992
5498,9.315854855418587
5499,9.470774339938847
5500,8.658713512009053
5501,8.73579789859459
5502,9.285108854756121
5503,8.278982601717994
5504,8.796675143736206
5505,8.932259399577887
5506,10.210991891986753
5507,8.802621293261662
5508,9.071047471839568
5509,10.15532311864088
5510,9.148828165799587
5511,9.089735370348157
5512,9.891509918497762
5513,9.376841925049076
5514,9.488976838486174
5515,9.129209808374318
5516,9.015408501279907
5517,8.79922349353283
5518,10.163461206666055
5519,9.581287723813917
5520,15.424956591212311
5521,14.916500790987023
5522,14.931864077753456
5523,15.088522331226937
5524,13.400488953205961
5525,13.26070745643258
5526,13.254963011359703
5527,14.92249111387623
5528,15.173607665701162
5529,14.75319641756642
5530,15.7973403097671
5531,13.002207428153042
5532,13.60429285918901
5533,13.821871880667958
5534,13.266451901505459
5535,14.767979587262634
5536,14.186290440678897
5537,17.114115339895264
5538,15.813714280938298
5539,16.624031109421356
5540,15.004887120666819
5541,16.85546082672801
5542,15.480420585894327
5543,15.648569444175305
5544,14.077382011692393
5545,14.135546242873534
5546,14.13607046256384
5547,14.717845010499467
5548,14.446360919474728
5549,14.331169912877009
5550,14.456170813503583
5551,12.558856801018194
5552,13.611836661512283
5553,16.176258324073615
5554,15.002774457024218
5555,14.512454446886869
5556,14.973831981943707
5557,15.459840048177846
5558,13.337683020409152
5559,14.521666779228145
5560,15.003476039795618
5561,15.178531475763629
5562,13.59609668626356
5563,15.90613595142111
5564,15.718011547807276
5565,13.817256298961455
5566,15.746129100274231
5567,15.362949521165758
5568,14.344152910274802
5569,13.845374536742288
5570,13.723225819025751
5571,13.572474157206084
5572,14.295958059974684
5573,14.823196516255564
5574,13.861938952454079
5575,15.032776378569832
5576,14.320665410572087
5577,18.241075703779696
5578,15.105594374113663
5579,13.93280752995938
5580,15.01850764873344
5581,12.9784248400494
5582,12.910296306986986
5583,15.082109724295218
5584,17.813951539722154
5585,17.293057800040355
5586,14.390065357760518
5587,15.010991030915719
5588,13.808727516385202
5589,14.579744972048157
5590,13.40826683064498
5591,14.704300782691686
5592,15.273782233093048
5593,14.521796207174457
5594,14.697345819436755
5595,16.98150533256207
5596,15.328751179644836
5597,14.47403333060975
5598,15.046099966586759
5599,14.230698038738655
5600,16.100583315028175
5601,16.100483665123527
5602,13.287079193692199
5603,13.019440763371676
5604,14.444938668115057
5605,16.671574664422693
5606,13.23002629286595
5607,13.621622104593296
5608,15.900116236277045
5609,14.675992997563348
5610,14.672341503116321
5611,15.130929926549445
5612,14.736137692715769
5613,14.862590525454952
5614,14.310282822013413
5615,13.399691817422482
5616,15.315634336127719
5617,15.357429908033279
5618,16.507034739137247
5619,13.437706166777975
5620,14.607354452203499
5621,15.01850764873344
5622,14.503232031942897
5623,14.05923844873369
5624,13.852385298939076
5625,15.339337620367221
5626,15.43515822038949
5627,13.944152261112635
5628,15.299502816792785
5629,14.290165047456863
5630,13.423761320424287
5631,13.677179724216279
5632,15.983655602760084
5633,13.427296363546061
5634,15.596613080528526
5635,14.972723261454714
5636,13.951356865210606
5637,15.230230171235782
5638,14.512224166884735
5639,13.669472147623246
5640,14.59260287572639
5641,14.118841914768696
5642,12.925650693884872
5643,13.65520573085181
5644,14.552589137407892
5645,13.903459271598663
5646,16.06801923563915
5647,14.859721914968453
5648,14.85426332398401
5649,14.031377638452174
5650,14.460844907835423
5651,14.679929642615097
5652,13.231640736361905
5653,13.901980381204936
5654,14.133868610803816
5655,13.602174016094537
5656,13.665318962855224
5657,14.922974415423981
5658,14.35655589787981
5659,15.525235119334571
5660,16.389310060392276
5661,14.085451884703525
5662,14.205495861904549
5663,14.83491303176351
5664,13.930665166406069
5665,14.805243031879282
5666,14.582209690349707
5667,14.36163730602124
5668,13.768196952311301
5669,16.35342390925727
5670,14.113750240356136
5671,14.064395566818138
5672,15.240090907388636
5673,16.08672737960777
5674,13.475754978895381
5675,13.530296320059884
5676,13.523182412289799
5677,14.910038273497754
5678,13.761957883934631
5679,15.444697645139719
5680,14.625843134920451
5681,15.592251225112566
5682,14.24406438172802
5683,14.609787276976077
5684,14.657915511977265
5685,14.347994869535647
5686,13.809403285304771
5687,16.462184860072604
5688,15.241530853908976
5689,13.4938854796671
5690,13.263716865588563
5691,13.858379183493309
5692,14.208412808781954
5693,14.275900549520603
5694,14.495940429554771
5695,14.888830035831653
5696,15.027449600042061
5697,15.240346396382542
5698,14.158770346706499
5699,14.064808154130674
5700,15.296333605500807
5701,14.89220375973128
5702,14.011150593183682
5703,15.36783099865848
5704,14.078770725341716
5705,14.548539145074578
5706,14.445182174724277
5707,14.147643082169342
5708,14.5018510252525
5709,13.590000010694558
5710,14.003995023643148
5711,15.50080767936274
5712,14.223031187358746
5713,14.287235892715064
5714,15.250866696678926
5715,13.837031287806045
5716,14.572579596431128
5717,13.943321756914049
5718,13.938271117413356
5719,14.317999625025951
5720,14.897871636697381
5721,13.856260034052458
5722,14.034692416972034
5723,13.297382531515545
5724,14.307638864953521
5725,14.326711209921172
5726,14.986798519386348
5727,14.026249338730326
5728,15.140903872209519
5729,14.76019714745351
5730,13.743591922113929
5731,14.241003388091237
5732,14.973048676777365
5733,14.051221782610664
5734,14.625701216625025
5735,14.739841604582875
5736,14.352898715095536
5737,14.844740323090358
5738,14.059698380374066
5739,14.094840941934828
5740,14.269137753816663
5741,14.170690105915206
5742,13.770870777171147
5743,13.514388920928196
5744,15.680517120058777
5745,13.783750671992987
5746,14.1739398002308
5747,13.910722174682306
5748,14.792536594295376
5749,13.998752606597517
5750,17.355713383708334
5751,18.38475429081164
5752,16.605559519710923
5753,18.306757459466937
5754,19.631868396069542
5755,17.55498932326398
5756,16.76990058429553
5757,17.359912685116598
5758,18.86569853679437
5759,18.879107908410134
5760,17.115148121239837
5761,18.459330414850808
5762,18.24790246606515
5763,17.97450335518734
5764,20.079021962117615
5765,18.067887204193184
5766,15.573224462303688
5767,23.187284733156474
5768,16.95680911566768
5769,17.14471533006118
5770,18.977037287234996
5771,19.022072533440898
5772,20.15916123660352
5773,17.169579975918996
5774,18.041307091607056
5775,15.826104580147925
5776,19.03686735240446
5777,19.70410074749676
5778,19.567749752651906
5779,18.449666409202315
5780,18.388678723909987
5781,17.747800607141805
5782,16.485935344336923
5783,18.205086528717533
5784,16.945708864392692
5785,16.294971036848054
5786,16.87185630437295
5787,17.744486135025415
5788,18.48369826852674
5789,16.34845367773597
5790,17.16812491600463
5791,16.989014981088076
5792,17.02257521270056
5793,18.030391672158217
5794,17.849504152129686
5795,17.770174134509027
5796,19.028206734731658
5797,17.808321724584147
5798,16.728525160153886
5799,17.805114985326934
5800,17.498943283171126
5801,16.972431691536173
5802,20.11724495557877
5803,17.71687117321933
5804,18.28120382194535
5805,19.034450669829056
5806,17.567816280292853
5807,18.01996651556049
5808,16.92379298343333
5809,18.095742563549674
5810,18.59028023388033
5811,16.178381970701412
5812,17.478285117419855
5813,17.126812592076902
5814,17.794881417645097
5815,18.95541102639606
5816,17.005783361064495
5817,15.941416433382367
5818,17.381516634715
5819,18.070570555099568
5820,16.986688944197027
5821,17.27829054247897
5822,18.83943023837931
5823,17.550602958673093
5824,19.188166451065477
5825,18.282919134652307
5826,16.274681752298182
5827,19.403089118541402
5828,17.327063503837515
5829,17.201728633401913
5830,18.497279670857463
5831,16.78682951028511
5832,18.866684219319605
5833,19.042367459299296
5834,19.424646114702227
5835,17.696533777149686
5836,18.500416065554667
5837,18.08821165104354
5838,16.894044731915304
5839,17.33799996685894
5840,19.464745966041143
5841,16.958874778431444
5842,17.92010859599822
5843,19.016126653425744
5844,18.57091289155583
5845,16.814232554846782
5846,20.71927521498552
5847,17.920769105520485
5848,16.649085483100095
5849,20.0545297478019
5850,17.731041895271105
5851,18.730142150955825
5852,18.809898677558476
5853,19.213284906890934
5854,18.136818454876945
5855,17.397859099660334
5856,18.830813442028294
5857,17.994312601502752
5858,19.13467345210679
5859,20.753059732018517
5860,18.543293615438024
5861,17.067493489048623
5862,18.071237283565946
5863,16.904193544195447
5864,15.165968576637091
5865,18.379829751719555
5866,17.488314657048335
5867,19.133498511649567
5868,17.26883935213646
5869,17.99409765716534
5870,20.277302485614676
5871,17.728283091543158
5872,18.624418206900987
5873,17.758381188850464
5874,16.845432048804955
5875,16.594262025182672
5876,18.394025854921917
5877,18.224732112691008
5878,22.198406382094433
5879,16.334160956379467
5880,18.65030380030482
5881,18.841970682548475
5882,16.570882296144536
5883,20.59570325517954
5884,16.868610856072877
5885,21.641195646310123
5886,17.514044660664105
5887,17.274390332428606
5888,18.336725677064344
5889,16.758604561786157
5890,17.1763643387396
5891,17.859358812675485
5892,17.448950247826634
5893,17.096896304270437
5894,17.301769537065866
5895,16.322150774750895
5896,17.830837469806454
5897,16.53898460170285
5898,17.408774322941976
5899,18.870282443486545
5900,19.711679864452865
5901,16.62806320593698
5902,18.19216055633328
5903,18.91614300930318
5904,16.876119414856905
5905,19.15359378567801
5906,17.405192336974782
5907,15.939187933028034
5908,18.9448556513668
5909,15.887091179807607
5910,19.81696410529535
5911,17.193778525078763
5912,16.40615248630503
5913,18.58591996040742
5914,16.548412134612782
5915,18.028634025517068
5916,18.795199600827793
5917,19.12818215324424
5918,17.507642611928276
5919,17.580465347827406
5920,18.76964355717351
5921,20.84045855880801
5922,21.16041819591694
5923,16.433477407562112
5924,20.341582524702503
5925,18.75580707141907
5926,16.710766425081243
5927,17.29356764303419
5928,17.650784950172643
5929,16.82464795935485
5930,17.767918941126243
5931,18.6205616331824
5932,17.23276821750276
5933,16.971317204229067
5934,18.29017487117328
5935,18.98220912229386
5936,17.09021468805455
5937,17.098657590534618
5938,17.643619810977373
5939,17.221059860979864
5940,15.376913719193944
5941,17.908408311771105
5942,15.623051967735625
5943,19.08111759968691
5944,17.722824304970974
5945,18.316822556120307
5946,19.847906324496517
5947,18.75014955239163
5948,18.35110279790557
5949,17.78580203295733
5950,17.199800767203662
5951,17.286687317736526
5952,16.725048869131438
5953,16.8458957276788
5954,20.99654378648467
5955,19.247570591295478
5956,17.905062603589794
5957,17.12998762492304
5958,16.42201747599667
5959,18.977122957501855
5960,18.801786160708527
5961,18.391705776321842
5962,17.710579714808002
5963,15.758780396252046
5964,17.98635629880087
5965,17.695088496368314
5966,18.58404306564099
5967,16.623268304991363
5968,17.230160693567367
5969,16.253165884002325
5970,17.464812493580265
5971,17.514733512469967
5972,19.003776794458755
5973,20.993961133826268
5974,16.812436532610892
5975,19.105670137127245
5976,17.001426159569036
5977,15.04127065300074
5978,19.056870640352187
5979,16.36693645221715
5980,14.83307137501306
5981,16.731768693991967
5982,14.692006670878701
5983,19.857406816554146
5984,14.83899208386195
5985,20.31460685274522
5986,18.213985839287183
5987,14.8034678307686
5988,19.54975669107327
5989,18.784928496245602
5990,17.15740928412122
5991,17.226517927177465
5992,18.610974355512052
5993,22.37353438477048
5994,15.611143758605472
5995,18.58902105102863
5996,17.067720862959412
5997,14.641963895760414
5998,18.708919158838572
5999,19.389106553923558
6000,18.96576405651609
6001,17.32730453917337
6002,15.96627181788337
6003,20.370409955051876
6004,17.21296861269635
6005,15.526123117169732
6006,15.55654545746792
6007,14.133687642237746
6008,12.946112317378468
6009,19.07213278933623
6010,18.768079182803376
6011,14.56414022635478
6012,16.444244270517665
6013,13.905269386078805
6014,15.264475751593654
6015,13.92526730477821
6016,17.480053806045284
6017,16.43129271991072
6018,16.58375368601778
6019,16.690323732049727
6020,14.136109231752187
6021,16.021307490848432
6022,14.514170454441992
6023,14.947354675484235
6024,15.73638315916326
6025,16.797507460422395
6026,20.60815767419796
6027,13.580101364866387
6028,14.774971085548326
6029,13.794650510355947
6030,16.250906202560092
6031,16.64794357119032
6032,16.00130123975997
6033,15.158508519354971
6034,14.583967528343797
6035,18.53462453847944
6036,15.995344917961386
6037,19.767094094236825
6038,19.276064797058222
6039,14.53881214522315
6040,14.404460328473188
6041,15.571031340513787
6042,16.00685190430581
6043,19.110039618193852
6044,17.42588745316136
6045,18.704987242617015
6046,14.306230851264466
6047,14.470427958018451
6048,15.019573703753142
6049,13.667431820387534
6050,18.03210437492977
6051,15.440240067466885
6052,18.449144304473567
6053,15.571034018960786
6054,14.848214726491957
6055,18.85012431126475
6056,15.679584722683325
6057,15.043765228446933
6058,14.88487757744086
6059,15.65922945504892
6060,17.88963731825332
6061,15.556335882960699
6062,18.65276583317681
6063,19.426777951336312
6064,14.534017353790112
6065,18.398280032999004
6066,16.694326938600963
6067,16.27557894236149
6068,17.943064718979482
6069,16.63660743425586
6070,18.07095328794076
6071,16.986921472716162
6072,13.670022130508926
6073,18.360075953483182
6074,14.049070844939003
6075,19.147131275885652
6076,17.83654396692639
6077,18.766365795257297
6078,18.43884484922028
6079,17.561845346528322
6080,15.714428912594402
6081,15.753337916321453
6082,12.394451769779359
6083,16.47310772615602
6084,16.515155070053513
6085,15.576490379852006
6086,22.307683711028073
6087,16.786165206541156
6088,16.849745545884367
6089,16.555658041472515
6090,20.10651223480096
6091,16.6527451163633
6092,15.493600455967522
6093,13.177863207444815
6094,16.00389154988136
6095,12.808385340217509
6096,12.201109478865735
6097,11.408021730477284
6098,11.578420434577193
6099,12.151015270216565
6100,11.562666559986686
6101,11.440158328180338
6102,10.564996562825108
6103,12.10806124258377
6104,11.50708126420044
6105,11.806705779782813
6106,12.522900093815176
6107,13.734561931630868
6108,10.725111408292124
6109,11.902402181188208
6110,11.74196098649971
6111,11.611032626749427
6112,10.679182912471008
6113,11.156627589724627
6114,11.553757464246944
6115,11.37289568182511
6116,10.070106546611497
6117,12.707872371292051
6118,11.680915895689921
6119,11.350383311100494
6120,11.258922864389866
6121,11.284361942178062
6122,11.844268036838331
6123,10.268400322230152
6124,10.745790403179916
6125,11.088401187747728
6126,11.483131685573955
6127,11.44625523472131
6128,11.330669687168774
6129,10.535849416071175
6130,11.550394331929182
6131,11.189763005791926
6132,12.040290606216422
6133,11.361853607044567
6134,11.56440738325319
6135,12.121617260445921
6136,11.59671115420011
6137,10.818697467411107
6138,11.237795494701366
6139,11.047792891108182
6140,11.304304135919619
6141,11.96704905796295
6142,12.282554725837752
6143,11.387842936570717
6144,10.61712511375041
6145,11.928531132272353
6146,11.399053377629922
6147,11.11879235114981
6148,12.362604278697457
6149,12.22141930390157
6150,10.964088264532789
6151,11.252979724779129
6152,11.455105582925945
6153,12.301493882895887
6154,11.653530389673866
6155,11.633351595767301
6156,11.64968680988214
6157,10.65191045291941
6158,11.530776060075576
6159,11.095670816465203
6160,11.379435105776313
6161,12.125329809108386
6162,10.65054085152304
6163,10.96324748145335
6164,12.367355224118715
6165,11.016640226239982
6166,10.23214837646727
6167,11.634472639873218
6168,11.414747995112812
6169,11.149366281311277
6170,12.250027767124081
6171,11.731362880456341
6172,12.192257790327066
6173,10.37890324124231
6174,12.158961132285999
6175,10.730738622177348
6176,11.180880947785408
6177,10.585865230027627
6178,11.3430011723339
6179,11.513399876433807
6180,12.605296835600328
6181,10.81947357486905
6182,11.78301098390768
6183,12.15345011714345
6184,10.995477499498561
6185,11.738569592565831
6186,11.278541136243476
6187,11.712945727287652
6188,12.134399109936803
6189,11.359429498766193
6190,12.029425101805192
6191,11.111318723777005
6192,11.219514593115242
6193,10.516485926968913
6194,11.3561899265212
6195,10.71970064944213
6196,12.831393498309527
6197,11.773074456605201
6198,11.581223044841995
6199,12.18794273472367
6200,11.982908777847697
6201,10.785281729638477
6202,12.194994692833443
6203,11.391579750257119
6204,10.522600713001209
6205,12.284678221307079
6206,11.074779583526032
6207,11.539183890869978
6208,10.950635735261741
6209,11.8579460433541
6210,12.991410560399949
6211,14.20805020850624
6212,13.65540837269997
6213,13.871053663965904
6214,12.999990985015778
6215,15.094945184048942
6216,12.783577174168329
6217,13.86239885704352
6218,14.068816002142384
6219,14.706242531975981
6220,15.36933389310634
6221,14.082033657396533
6222,12.3678218866343
6223,14.212918537400082
6224,13.38279274542076
6225,13.713103437632395
6226,15.570771536890728
6227,13.20030612748113
6228,13.143384128106987
6229,12.678421270061364
6230,13.9835661539569
6231,14.158825994135182
6232,13.183614714130819
6233,12.984601708800168
6234,14.034583963183582
6235,13.576026569170514
6236,14.819373222461431
6237,14.155796811712346
6238,13.50888328198306
6239,13.161359496330402
6240,13.632613733254221
6241,14.034876794996748
6242,13.52356316603218
6243,14.719224742359557
6244,14.461203310985976
6245,15.085972185695589
6246,13.92827224522904
6247,12.65535620126385
6248,12.725865348008615
6249,14.08634198616021
6250,12.082537813455207
6251,13.059499076397724
6252,14.499707366782722
6253,13.250936747977079
6254,12.036775521853102
6255,16.735659693310467
6256,14.06269581724727
6257,12.784875395206686
6258,14.600093870604386
6259,15.050271107140752
6260,12.616106660220197
6261,13.893556161964103
6262,13.137017851861195
6263,16.28992819066762
6264,13.323637126125103
6265,14.524491586605912
6266,13.235712155799973
6267,13.89183221229084
6268,14.281075141913856
6269,13.279843282497819
6270,13.003281993424501
6271,13.69363012205703
6272,12.100063797473037
6273,14.27782958931796
6274,15.126394068026267
6275,15.287845557160196
6276,13.951419728245185
6277,13.022882585572251
6278,14.27477495158065
6279,14.485544955455183
6280,14.138565877930507
6281,12.989536123606598
6282,13.406723272579992
6283,12.43528301559181
6284,14.149630261780146
6285,14.812097478180524
6286,14.541793141264545
6287,13.52827775822411
6288,14.041553360336874
6289,13.547285205005803
6290,13.827779629353987
6291,14.344581985521494
6292,13.582703495373611
6293,13.42533110746312
6294,13.797487805125638
6295,13.441775240615645
6296,12.529558590996352
6297,14.173971906249353
6298,13.292361801110124
6299,14.282156992779155
6300,13.640403059484367
6301,13.706612332440606
6302,15.881132571689633
6303,14.25674676248896
6304,14.840932964705585
6305,13.49771676535942
6306,13.481920229647939
6307,13.729551386431057
6308,13.502155442998028
6309,14.07660532837253
6310,13.416676300540736
6311,15.252793589124543
6312,14.768793182005941
6313,13.744151307894242
6314,13.737769637361186
6315,14.057132012797167
6316,14.400131246555773
6317,13.615736859755572
6318,13.930555461557294
6319,14.879866192379158
6320,13.31115423152551
6321,15.34237084077122
6322,12.872041664924987
6323,13.495187763336649
6324,15.158765293917785
6325,15.022080241061776
6326,14.874866508099402
6327,15.51494935192002
6328,13.46424742028333
6329,13.580885089236743
6330,15.35277367022218
6331,14.618339804432726
6332,15.284539837664255
6333,15.091420263568963
6334,14.689945433318485
6335,16.51603417055153
6336,15.626983114781758
6337,15.641939124094389
6338,16.25096378759396
6339,15.19192625386046
6340,14.9672666726667
6341,14.563678654632112
6342,13.450833447852393
6343,14.76919053624186
6344,12.63814302057327
6345,14.283399456233449
6346,15.862611263911207
6347,16.421864756274985
6348,15.56689085092882
6349,15.488537617270874
6350,13.444944386785153
6351,13.035654642611973
6352,16.212003151561667
6353,14.764491374665248
6354,14.521510050346375
6355,14.427408661509007
6356,14.306332819043377
6357,16.703231007265337
6358,14.856609580629808
6359,14.481746304678687
6360,14.515281235756026
6361,14.155739322113332
6362,15.659898399003689
6363,16.084011927127882
6364,15.141037304672805
6365,16.09060507124273
6366,15.02157690250902
6367,14.459421759456468
6368,15.131625013361488
6369,12.958026110361992
6370,13.171103047158493
6371,15.832958649550982
6372,13.521502180659274
6373,16.07678089984777
6374,13.271217085301572
6375,15.419191844965962
6376,13.620880086168947
6377,14.00188401765191
6378,15.832958649550982
6379,13.359553001310172
6380,14.891732092217982
6381,16.141248250927216
6382,17.519078169945807
6383,12.91560839777977
6384,16.177991754975558
6385,15.350055642037299
6386,14.690843872755789
6387,12.324437267568369
6388,15.74462273354238
6389,13.196265398991244
6390,15.217878938083688
6391,15.370004044538257
6392,16.18262165041836
6393,14.723852148554109
6394,14.414676442524009
6395,13.654006054672172
6396,15.065277474714339
6397,13.698963340133188
6398,13.588805735713446
6399,13.370069181787388
6400,16.85016010661971
6401,15.338931860021402
6402,14.831818268120179
6403,14.171897013232398
6404,13.273893931241227
6405,16.093058846687416
6406,15.043289097352886
6407,14.256631699711154
6408,14.080962982047076
6409,14.793740389142338
6410,16.26155142722234
6411,15.244052542826978
6412,15.58856261526052
6413,14.193997118892177
6414,16.234485540499165
6415,14.625701130766778
6416,13.762953684416113
6417,14.22058719933471
6418,12.915196575327515
6419,14.272113303117278
6420,14.053537839217208
6421,13.675038415626602
6422,15.269817184996153
6423,15.688408968809632
6424,13.524446711192894
6425,14.192200802206052
6426,14.88617883181778
6427,13.821617792739772
6428,15.416672460048426
6429,16.141121449943807
6430,14.15036977319669
6431,16.30065316166359
6432,14.068917175318628
6433,13.648116993604933
6434,13.473127750464087
6435,15.329185749785818
6436,13.19550058586563
6437,13.880508403412176
6438,15.592488655972016
6439,14.581467341112795
6440,16.67570876835701
6441,17.71031493041543
6442,16.32040895739313
6443,15.963585745091915
6444,14.338996586845608
6445,16.33212215802766
6446,14.105234587335435
6447,15.562218926446343
6448,17.044212275271356
6449,16.588331710287676
6450,16.307661058485383
6451,19.291449402262995
6452,17.47957770259491
6453,16.918239756548324
6454,16.755145275134375
6455,16.34950108489815
6456,14.779626608252405
6457,16.721413691039434
6458,15.831063873686757
6459,17.77971621422309
6460,17.837567102324446
6461,16.66988682526611
6462,17.26884793067573
6463,17.706173604944055
6464,18.588626792485115
6465,17.761712803118428
6466,16.203256247262075
6467,16.48230346839508
6468,16.00914663965664
6469,16.475088553560735
6470,15.474274219903634
6471,17.789887366060235
6472,16.37099945817015
6473,16.129938221031615
6474,16.773571073394667
6475,15.88857313649447
6476,16.2737486924655
6477,17.165020293545297
6478,17.901249042070518
6479,16.57862314827997
6480,16.71155327099525
6481,20.21626531266097
6482,15.646843909590572
6483,17.18590056650278
6484,19.22957867637604
6485,16.15144641994099
6486,16.11505933723844
6487,16.394670156222812
6488,16.995178740515165
6489,16.185243037507924
6490,15.845036686963203
6491,16.24681342261718
6492,15.544816760706317
6493,17.380122810442398
6494,15.854364422505247
6495,17.054968286908174
6496,18.199865694999982
6497,16.932014805360403
6498,18.593479453942063
6499,20.076247817331858
6500,16.69752065227816
6501,18.161538567521603
6502,17.57659141687805
6503,17.10722001634403
6504,18.009070457806903
6505,17.404453938681304
6506,17.285406462440825
6507,17.006122587377305
6508,17.99128040868834
6509,17.10462978108553
6510,15.497635294916225
6511,17.171374988677613
6512,16.775415748029495
6513,15.317030028466348
6514,18.317943769387327
6515,17.08631663253941
6516,18.232015455910464
6517,15.600000097903402
6518,16.081544773485522
6519,15.96475997738235
6520,16.90423338176912
6521,17.294305279490043
6522,15.690998199317255
6523,15.337499368605926
6524,17.180553992757623
6525,19.67963662666596
6526,19.684745470233725
6527,17.269275815045845
6528,16.780433621394657
6529,16.67446257970024
6530,15.779143420084797
6531,17.276915660225956
6532,20.835229849844083
6533,19.537575217800303
6534,15.942137753467371
6535,17.828887836986983
6536,17.179467185324327
6537,17.224935990507127
6538,17.94828867609482
6539,18.929632526226808
6540,16.109498289386643
6541,15.513711200471022
6542,15.760632669303593
6543,18.786208377230942
6544,15.431088516127943
6545,16.050277442957174
6546,16.30123566234557
6547,16.396441878247344
6548,16.68460382731166
6549,19.1318285891421
6550,16.221348066396462
6551,19.087208173511094
6552,17.037926390898992
6553,17.390813984377626
6554,15.690917925646133
6555,14.840902925483327
6556,12.766701463797105
6557,12.745965373777391
6558,13.850691529907744
6559,15.038547486356943
6560,14.20572077676134
6561,16.57660694102396
6562,14.22114231235848
6563,14.509345762081985
6564,14.136956256168276
6565,13.424330652639593
6566,15.35910881480401
6567,14.379969267330836
6568,13.883961994059284
6569,14.51278356217301
6570,13.345722819401363
6571,12.594822317633701
6572,13.503021169406214
6573,12.341196896592582
6574,14.599771821539798
6575,14.99414985649897
6576,14.32295080839511
6577,12.999190516352897
6578,13.577961108722214
6579,12.406927019723751
6580,14.003703488427666
6581,14.221618047364235
6582,13.950317482122365
6583,14.961907805868224
6584,14.983619887904725
6585,15.18867677809967
6586,13.447437676158565
6587,14.351768184904024
6588,13.931056945383766
6589,12.275947333330548
6590,13.529470559753037
6591,13.717599306129692
6592,12.800797926778499
6593,14.848112312318838
6594,13.304155977990245
6595,16.32347509189379
6596,15.6899460103221
6597,15.24379976169234
6598,12.708363930541644
6599,14.806103330485143
6600,14.562446859504316
6601,12.84722478693972
6602,15.486640388322451
6603,14.659596682694096
6604,14.061841232086838
6605,13.166216798176924
6606,14.512042209917935
6607,13.99814564898517
6608,15.124511751195541
6609,14.586868255627948
6610,16.84355791895398
6611,13.593840311404893
6612,13.502215257586448
6613,13.352213241990114
6614,14.825103999754022
6615,14.47673768742283
6616,14.277671223233579
6617,14.436894655954152
6618,14.825009894579331
6619,14.547321711489936
6620,13.516709888971677
6621,14.500238589445175
6622,14.889121780571866
6623,12.978587284622563
6624,15.912126763973188
6625,16.15249279341516
6626,12.899412439923271
6627,14.25733799448501
6628,14.562620966233883
6629,13.95832169037804
6630,13.805579573784765
6631,13.896127166870848
6632,13.253310837228124
6633,14.786202570128973
6634,13.882020397938504
6635,15.232893207699476
6636,13.842841050245724
6637,15.000567023119878
6638,15.174576236886267
6639,15.070219487083143
6640,14.514094014530036
6641,13.24997262862437
6642,14.162404076152153
6643,14.537486885348425
6644,12.940884619962702
6645,14.734066071794555
6646,14.167795739603044
6647,14.054639595477035
6648,14.80260320063239
6649,14.664728982980819
6650,13.698376129272642
6651,14.362323469693102
6652,15.099269261952298
6653,13.69133308188087
6654,13.943383088578656
6655,12.607724773645966
6656,15.466540384363833
6657,14.579495548587678
6658,13.442697998439773
6659,16.405954558005053
6660,14.464572514611268
6661,13.406504095859908
6662,14.676306844703468
6663,16.074119873254503
6664,15.020049000567074
6665,14.61636069355557
6666,13.040437762861277
6667,13.039035446056012
6668,14.462913627409689
6669,15.715474193256973
6670,17.7363172118684
6671,15.741384858485503
6672,18.504950540701113
6673,15.130551665299555
6674,15.019447291183626
6675,17.825164118616197
6676,16.435709534024017
6677,17.883844894963918
6678,16.833250727744442
6679,17.642219765307352
6680,15.827192745390313
6681,17.07318809428513
6682,15.403737714596367
6683,14.13515961288197
6684,15.463501312839155
6685,18.48594114118047
6686,16.298203336438274
6687,15.126630334448404
6688,18.83033675951979
6689,15.230539243176434
6690,18.878649501500487
6691,15.076088736811354
6692,15.74732098917336
6693,15.42530932033247
6694,16.804513261684203
6695,17.074042099248448
6696,16.753574575181624
6697,14.259111293840048
6698,15.218319162991426
6699,15.429879920270706
6700,16.67518443272573
6701,20.28985229672049
6702,16.724056622766575
6703,14.83874887284773
6704,13.86116594783681
6705,14.778735879046078
6706,15.585283176929828
6707,18.10280722201099
6708,19.479004381892786
6709,14.039803838549165
6710,18.877149721873028
6711,13.411701642211945
6712,16.119365200188824
6713,15.233016780538222
6714,13.493789046446889
6715,16.738733017699143
6716,14.817561845873826
6717,15.048203717425396
6718,19.396963460532604
6719,16.235059855040262
6720,16.209429268098717
6721,17.90429969913934
6722,15.130551665299555
6723,19.4991963726731
6724,18.31812984457582
6725,16.323992103495783
6726,16.534168121766097
6727,14.338501248464691
6728,16.221002344874076
6729,14.30013685603921
6730,16.392472429233663
6731,16.80020688293251
6732,15.52248866764679
6733,17.88089478165893
6734,14.681408462425477
6735,13.97931073897903
6736,16.25455270127935
6737,18.92973620565621
6738,17.981865501837373
6739,15.818789791379004
6740,14.945931829692482
6741,17.125015462621505
6742,15.880992409827808
6743,15.783508587726594
6744,13.717839165035583
6745,17.541746096057153
6746,17.910539909309566
6747,13.871804462080261
6748,13.766488719220794
6749,15.830956434598926
6750,17.247975131010644
6751,16.76986774088209
6752,20.2774599703211
6753,19.409121062543736
6754,15.021011235555676
6755,15.681648143622606
6756,13.475750046114067
6757,17.843744792598475
6758,16.24377392359838
6759,16.76574663022929
6760,16.131936531348575
6761,16.10497732439472
6762,16.915035189809362
6763,16.09246876087542
6764,15.254457086009863
6765,17.46053901445425
6766,16.043172447447617
6767,13.113680497524513
6768,14.378240324460482
6769,14.781180290884908
6770,16.619230592411178
6771,15.261075963630702
6772,16.667110409609105
6773,13.643121458036681
6774,16.098428155578798
6775,14.887890631574626
6776,14.358049487622917
6777,18.030486945215088
6778,17.173983912595155
6779,15.222744651717358
6780,14.885004969829573
6781,13.713599114288872
6782,17.60593077731855
6783,14.409238873265132
6784,17.64088347773202
6785,14.583034941184142
6786,14.944275865001693
6787,15.217402712549504
6788,14.556522794110867
6789,15.179475062470415
6790,14.027641558697102
6791,16.908072988173984
6792,15.292442247264201
6793,15.757645276333864
6794,14.80621432721215
6795,14.132347076392346
6796,14.602435412185113
6797,15.316273255425983
6798,14.404846985346405
6799,14.62027972426862
6800,14.317397722863149
6801,15.369635856314439
6802,14.756146836269732
6803,12.633370513582246
6804,17.43501129292886
6805,14.696499159248168
6806,14.076420938303732
6807,15.177025731584365
6808,15.231254874349466
6809,14.696453079343666
6810,14.055242640362843
6811,14.830764032427314
6812,14.813398575867003
6813,12.612452188505593
6814,14.933948955113799
6815,13.722630835672529
6816,14.986155717058121
6817,14.015881959751773
6818,15.013356347812925
6819,14.029239678065505
6820,13.123948968319876
6821,14.992479846645201
6822,15.518525532793852
6823,13.767551895177496
6824,14.331326266145895
6825,15.762816969090457
6826,12.92354849863951
6827,14.87580568538062
6828,16.303029146431104
6829,15.595650840770634
6830,14.502914532348683
6831,13.43094543251107
6832,13.473850320301679
6833,14.835880640163836
6834,15.202986323755745
6835,14.557665094490563
6836,14.324417369398471
6837,14.954074954442738
6838,13.95015417258541
6839,15.14025320295169
6840,15.0676900511483
6841,13.41958207780462
6842,15.273317539108323
6843,14.376389200295966
6844,15.251605018756079
6845,14.021889736759118
6846,15.497397027829171
6847,13.622236789933236
6848,13.492771109327352
6849,13.845357860401641
6850,13.923418927151113
6851,15.332191590606268
6852,13.923418927151113
6853,17.17287328108242
6854,14.499238312253993
6855,15.138186880596553
6856,14.137943366104164
6857,13.403230473938255
6858,14.39092839953027
6859,14.213360032220574
6860,13.363631386010844
6861,14.392828924796994
6862,14.878519037968166
6863,14.287688420206953
6864,16.491824192659454
6865,15.532437011567344
6866,15.37928803851454
6867,14.923147101963085
6868,13.5905114366019
6869,15.616368766238292
6870,14.447095976547963
6871,14.361439471973757
6872,15.304804910681572
6873,15.296375336450629
6874,15.044048043711744
6875,15.100238706550694
6876,15.149436857863389
6877,15.772059961955215
6878,13.881208732157255
6879,13.55132784231197
6880,14.269222597467547
6881,15.11729406567243
6882,15.11729406567243
6883,14.344591545462798
6884,16.02975577868515
6885,14.803901841810585
6886,15.768402986953337
6887,15.374723392416088
6888,14.42820241020953
6889,14.55351969470403
6890,13.662956548190436
6891,14.238943070903176
6892,15.507649306633727
6893,14.330082646209938
6894,14.494240477756616
6895,14.47771809860744
6896,14.293171716244846
6897,15.501008076425817
6898,15.538504968809441
6899,12.8837526606888
6900,5.702361612130677
6901,5.95616451389539
6902,7.4354226721392624
6903,5.763250889601334
6904,5.1429413753690145
6905,6.0973807997215665
6906,5.348442686832483
6907,5.245692031100747
6908,6.060432079074598
6909,5.537199446991519
6910,5.4528243053536105
6911,5.543405469502954
6912,5.549662720973796
6913,5.510033461658459
6914,5.645277914501937
6915,6.281570864070305
6916,5.409807661783377
6917,5.632230212186796
6918,6.016321949088756
6919,5.425505678631282
6920,6.678492841582152
6921,5.94972430185522
6922,6.019746970946477
6923,6.608089614506705
6924,5.860768873050434
6925,5.531110519244452
6926,6.986744808777356
6927,5.964946621222886
6928,5.907862923594145
6929,5.779995440905763
6930,5.107653271380338
6931,4.376388864354489
6932,5.52502159149739
6933,6.081651069708313
6934,5.750311918138818
6935,5.684855944857864
6936,5.783705881251635
6937,5.538721678928285
6938,5.552313035506559
6939,6.025835898693543
6940,6.077770870653811
6941,7.0298170533517705
6942,5.428359863512718
6943,5.767600123706382
6944,5.76800786440373
6945,6.092161718795509
6946,6.367646160858369
6947,5.195458377187453
6948,5.770190476371887
6949,5.978646708653784
6950,5.266894547362853
6951,6.232424518683274
6952,6.797100079988535
6953,6.767162851898796
6954,5.838324601028225
6955,5.643646951712546
6956,5.494006115785773
6957,6.872058470814158
6958,6.272160703006655
6959,6.544916989130897
6960,6.51675569830072
6961,5.5174104318135555
6962,5.789889948494748
6963,6.3614188483897784
6964,6.39047963990987
6965,5.827945746913912
6966,5.879321074779778
6967,5.792427001722693
6968,5.66603562273057
6969,5.111545341673205
6970,5.333764021727948
6971,6.419713412331859
6972,6.38736598367557
6973,5.219596626470464
6974,6.261781848892342
6975,5.6257063610292235
6976,5.820920061051911
6977,5.670014183474391
6978,6.391647260997727
6979,5.655933538059298
6980,5.952261355083168
6981,5.5189326637503235
6982,5.382692905409726
6983,6.006807999483964
6984,6.552093225404224
6985,5.325609207780984
6986,5.363665006200149
6987,5.4573408176934635
6988,6.018224739009712
6989,5.5174104318135555
6990,5.9400373713485255
6991,5.802575214634469
6992,6.272160703006655
6993,5.4609791193005695
6994,5.211441812523502
6995,5.462610082089963
6996,5.547716685827359
6997,6.998161548303104
6998,5.764012005569716
6999,5.244423504486775
7000,6.660099205679558
7001,5.876466889898337
7002,6.276052773299529
7003,5.672918441774799
7004,5.916742609891951
7005,5.767600123706382
7006,5.654157600799737
7007,5.784264308728433
7008,5.777712093000616
7009,5.791792738415703
7010,5.568474394055995
7011,5.244423504486775
7012,5.782278788810917
7013,5.92758274641135
7014,5.764012005569716
7015,5.729834966974332
7016,6.01322123295434
7017,6.164496491484675
7018,6.170204991806571
7019,5.678639686309678
7020,5.839587681496564
7021,6.219134994565712
7022,5.733912467204256
7023,6.135953989875176
7024,5.8643924745619636
7025,5.848309001432801
7026,6.339345742085074
7027,6.292832035758488
7028,6.450193340928308
7029,6.095821502763643
7030,5.677198145824352
7031,6.007732290337129
7032,5.544172789838267
7033,5.913322477321097
7034,6.215872994381767
7035,5.901271198863753
7036,5.459360785055766
7037,6.259491791713208
7038,5.908997855865117
7039,5.914187401612297
7040,5.889008494468564
7041,5.8249766390059925
7042,5.758717260269657
7043,5.9022226155840745
7044,5.974213147421359
7045,6.067451986012383
7046,5.832769195000962
7047,5.976353835042074
7048,5.532755789194471
7049,5.653721629349008
7050,5.635297369050813
7051,6.326509167287153
7052,5.772988511074402
7053,6.21411653274426
7054,5.769024274739749
7055,5.652362462605696
7056,4.990448258614025
7057,6.0897005000874795
7058,5.669613425116928
7059,5.9663299803101655
7060,6.032249567360669
7061,6.455630007901545
7062,6.040178040029975
7063,6.141662490197076
7064,6.052229318487319
7065,5.750222468123971
7066,5.193417158948225
7067,5.976563706377437
7068,6.215057494335783
7069,5.390043281146983
7070,5.673738448659563
7071,6.069116965272936
7072,6.219678661263041
7073,6.134866656480529
7074,6.001328523950383
7075,5.7779285594298955
7076,5.547978456719539
7077,5.136332155729235
7078,6.187647631679043
7079,6.118828488909481
7080,6.146419573798658
7081,5.9862644258787014
7082,5.1752949357041
7083,5.676827463985266
7084,5.798518193069569
7085,5.525144455431937
7086,5.819045729580639
7087,6.176547769942015
7088,5.547027039999218
7089,5.461399535170729
7090,5.5581269017362445
7091,6.133149814278454
7092,4.705023242519054
7093,5.4376141171628145
7094,5.843551917831217
7095,6.064684228280555
7096,5.74865419880477
7097,5.516898843855863
7098,5.73255330046095
7099,5.688153853512841
7100,6.246318329431897
7101,6.487343898578768
7102,5.779067006787537
7103,5.717753484811579
7104,5.954946958834947
7105,6.012123444430896
7106,5.9262963416890475
7107,6.031569983989014
7108,5.848837566277419
7109,6.3781575035329094
7110,5.927227798618032
7111,6.333848667701025
7112,6.059039459222218
7113,6.465144175104712
7114,5.690105477554518
7115,6.116291377655299
7116,6.151176657400242
7117,6.261540996956965
7118,5.938059312049331
7119,6.138491101129356
7120,6.129769781193119
7121,5.937636460173634
7122,6.0560349853685835
7123,5.789638303679945
7124,5.935069145214051
7125,5.614815481321777
7126,5.5977692650827695
7127,5.811045179887071
7128,6.354145557734443
7129,5.851114460992706
7130,6.988666676824469
7131,7.0706096373034715
7132,7.174843594694385
7133,6.899742774479101
7134,7.328511619500711
7135,7.198327630877639
7136,6.765442750002357
7137,7.905737127242736
7138,7.465326921732837
7139,6.983667504169247
7140,6.8677929611753665
7141,7.040738804419499
7142,6.926099391729663
7143,6.7674977458764385
7144,7.53078192767817
7145,6.839422601469293
7146,7.174991339495795
7147,7.842945586645799
7148,6.883311441922894
7149,6.913505202729933
7150,7.140684996609652
7151,7.249188778761162
7152,7.327740996047931
7153,6.919439003316343
7154,7.490540140341757
7155,7.124861528379226
7156,7.510076549081331
7157,7.211262688240611
7158,7.124513759846691
7159,7.035894885573452
7160,7.198166166916106
7161,7.062132779322885
7162,6.764415252065314
7163,6.764186919190415
7164,7.228844319607754
7165,7.086621480155689
7166,6.911505533667851
7167,6.72249333623405
7168,6.691599898260362
7169,6.489662303700609
7170,6.672762436081278
7171,6.664850701966063
7172,6.276045482589829
7173,6.941573021376765
7174,7.314240814819589
7175,7.340841594745196
7176,7.65080347241917
7177,6.90971554857391
7178,6.522953236860731
7179,7.005808767407434
7180,7.096692277243736
7181,6.793698943270977
7182,6.841082405829127
7183,6.776745227309805
7184,6.990362048420586
7185,6.753198399585955
7186,7.197056102180554
7187,7.014097250766227
7188,7.016922870093088
7189,7.015836093428915
7190,7.056481540669159
7191,6.833257613847046
7192,7.391599992835017
7193,7.1045170692258175
7194,6.817608029882891
7195,7.042353444034852
7196,6.687940048465569
7197,6.723623583964796
7198,6.796741917930678
7199,7.151139788119043
7200,6.877211692264902
7201,6.529705366161286
7202,6.866500194163072
7203,6.557759729477985
7204,7.494075787089216
7205,7.21377434986449
7206,6.771901308463756
7207,6.905109076730117
7208,7.0358327840497825
7209,6.765442750002357
7210,6.913182274806864
7211,6.727767825644197
7212,7.196991883559489
7213,6.575419850270876
7214,6.891653746602202
7215,6.630682443644313
7216,7.01496667209757
7217,6.685297910913176
7218,7.042788154700521
7219,6.701664485196037
7220,7.337348101759259
7221,6.803117674360518
7222,6.1268527821315075
7223,6.958612362166027
7224,6.714581602118839
7225,7.227714071877008
7226,6.902956223909648
7227,6.999027281022961
7228,6.7347645973107095
7229,7.019748489419953
7230,6.959468610446894
7231,7.197545151679433
7232,6.876348308581695
7233,7.278575219760526
7234,7.036702205381124
7235,7.261621503799356
7236,6.838908852500776
7237,6.9643663506134565
7238,6.876472968257879
7239,7.344129588143732
7240,7.199283994342117
7241,6.897594792366371
7242,6.8942909913072725
7243,6.785625745194231
7244,6.715209517524807
7245,6.771233639894151
7246,7.054279239894868
7247,6.947456741817678
7248,6.3555104148931
7249,6.921048791457034
7250,7.132227344582569
7251,7.081920411769941
7252,7.186956864895208
7253,6.933763730519566
7254,7.086342999269949
7255,6.890643502394456
7256,6.773002674894153
7257,6.974672664894664
7258,6.802191752394233
7259,6.7862023975864965
7260,7.190888053784104
7261,6.637924216679531
7262,6.923463756999801
7263,7.334007899270578
7264,6.813597372788996
7265,7.041271629600722
7266,6.89982887643294
7267,6.757965877394119
7268,6.34135813489306
7269,6.967188286048495
7270,6.939291964894579
7271,6.827521117167022
7272,6.561897831560291
7273,6.542522686322142
7274,7.163738280520148
7275,6.443962164893325
7276,7.178111689895186
7277,7.171678835349711
7278,6.722987230803119
7279,7.068529799617128
7280,7.140077437395091
7281,6.785607049269187
7282,6.751647895251244
7283,6.859685389894377
7284,6.914525474894516
7285,6.730938953782941
7286,7.220475422790027
7287,6.687606530803031
7288,7.114426429895024
7289,6.620865664893772
7290,7.067547002394905
7291,6.275223441815971
7292,6.713740002394008
7293,6.937080671144571
7294,6.762388464894128
7295,6.870858242525983
7296,7.038357924894832
7297,6.992784213704237
7298,6.7146245198940075
7299,6.926234801799309
7300,7.1228293461450445
7301,7.048382456561519
7302,7.221533458077113
7303,6.632659231560467
7304,7.0489721348948535
7305,6.779341716977504
7306,6.861454424894379
7307,6.921601614894534
7308,6.922865211323108
7309,6.748718648985005
7310,6.954218197707117
7311,7.041643275609125
7312,6.743592468019081
7313,6.780882921712356
7314,6.752739183075921
7315,6.903911264894488
7316,6.770250842671928
7317,7.014073898985675
7318,6.742170922036932
7319,6.817020428129563
7320,6.713740002394005
7321,6.87184750551941
7322,6.514723564893503
7323,6.102216767165183
7324,6.901552551561149
7325,6.75531232489411
7326,6.702437834338424
7327,6.759440073227456
7328,6.870299599894407
7329,6.802191752394233
7330,7.018014022394777
7331,6.829611794894298
7332,6.635239074268805
7333,6.62630884950917
7334,7.131284292836243
7335,7.01889853989478
7336,7.281726597038302
7337,6.64896210312914
7338,6.762388464894128
7339,6.991431943842079
7340,6.573480798822221
7341,6.628728042671568
7342,6.666860574893885
7343,6.843469235727667
7344,6.8352558589419345
7345,6.793346577394207
7346,6.835803417394317
7347,6.706369023227317
7348,6.677727504179629
7349,6.73762197489407
7350,6.65624636489386
7351,6.947333033076415
7352,6.4926106273934465
7353,6.987308629180413
7354,6.8307375444397564
7355,6.894385691817542
7356,6.750889737394099
7357,6.372568966678854
7358,7.025778120450351
7359,6.759071524269121
7360,5.261562704719095
7361,6.373989472084121
7362,6.88524243753038
7363,6.372075218469256
7364,6.309003016030848
7365,7.667386831192649
7366,7.72587791386899
7367,6.370586354546585
7368,7.370097444036025
7369,6.628372508014689
7370,7.349571647699507
7371,6.03708083586838
7372,6.395684346385886
7373,6.4805495899781125
7374,5.5406510650807945
7375,7.291372728273297
7376,6.006452778030589
7377,5.940730070586984
7378,7.161527588894817
7379,6.984849070071244
7380,7.002939326454969
7381,5.487167979235254
7382,5.626386423952498
7383,6.337892118203861
7384,6.09696261561535
7385,6.174269011600169
7386,5.644871539667738
7387,6.17873560336818
7388,5.7761751579908704
7389,5.778018513323701
7390,6.182776805444002
7391,6.811897775217348
7392,6.549675414959248
7393,6.356123105012072
7394,6.758116364133125
7395,6.3366052250174025
7396,6.361227781318373
7397,6.546636917157876
7398,6.549511803539172
7399,6.105143186619033
7400,5.890321392062283
7401,5.456423906026862
7402,7.119272212803784
7403,5.869355757232839
7404,6.079194415395348
7405,6.894241065634432
7406,6.607528413097301
7407,5.84948398161189
7408,6.53478677573254
7409,5.943108385684239
7410,6.27864141107718
7411,5.977100889269364
7412,6.980534403193303
7413,6.67117734579147
7414,6.308904849178806
7415,7.051635251745321
7416,6.2191028462640485
7417,6.237013991198431
7418,5.86777573837613
7419,6.058350320477958
7420,4.5439630162758995
7421,6.310181018255381
7422,5.099096564585924
7423,5.380433838285363
7424,6.397598600000753
7425,7.22264190800634
7426,5.071180366035852
7427,5.190023611291876
7428,6.662403683390018
7429,6.589023961486969
7430,7.764162986166236
7431,8.012590566406125
7432,7.933664417362575
7433,6.128539619689574
7434,5.748666624562482
7435,7.2015851182428605
7436,6.744078504290803
7437,6.663563837095992
7438,5.647140284692755
7439,6.694307910304383
7440,6.447469944177424
7441,5.288394977611183
7442,6.294137749864156
7443,6.568817951107871
7444,5.78893684875662
7445,8.097513817683645
7446,5.987629284151108
7447,6.980382478303229
7448,6.384591492104892
7449,5.821833651619437
7450,7.035045053749849
7451,6.712290292747031
7452,6.137211024953478
7453,6.464597476520927
7454,5.993326467528673
7455,7.141676069925877
7456,6.034078085099967
7457,6.61715768885691
7458,7.8353190801328285
7459,6.845707968934391
7460,6.738973827984504
7461,6.590938215101831
7462,6.017938299719761
7463,6.115474079143688
7464,6.748089321388608
7465,7.151601829410348
7466,6.24822881035621
7467,6.2354671195904565
7468,6.380051275197848
7469,5.5051198313172165
7470,6.031976159562083
7471,6.684736642230076
7472,6.168343940887501
7473,6.1182087271649195
7474,6.091530716468904
7475,5.180395232144404
7476,4.60202088482486
7477,5.457214171304621
7478,4.479919633724068
7479,4.833273254333939
7480,4.686813420311525
7481,4.6081876146784335
7482,4.498654746326835
7483,5.085338337098834
7484,4.7807374596198215
7485,4.827569029219379
7486,4.361210084042741
7487,5.223832811727048
7488,4.459569425207267
7489,4.620283892468143
7490,4.8824885022038185
7491,4.755778015840674
7492,4.435262231701092
7493,4.351034979784343
7494,4.733449314829185
7495,4.631698272245192
7496,4.308073428471101
7497,4.574463310791696
7498,4.475484331867843
7499,4.453307822586716
7500,4.8801404012211105
7501,4.617848824782369
7502,4.929885355373287
7503,4.127182686099559
7504,4.445154694174537
7505,4.653956312810443
7506,4.854514212718474
7507,4.770301455252236
7508,4.63254619760006
7509,4.703771927408852
7510,4.509401346062507
7511,4.4069980532055375
7512,4.065001493409335
7513,4.367428203311761
7514,4.587182191114696
7515,4.615587690502728
7516,4.996104287848585
7517,4.514619348246303
7518,4.622613357728763
7519,4.573756706329306
7520,4.217274755054131
7521,4.555384990307196
7522,4.554779329339432
7523,4.734297240184052
7524,4.3985187996568715
7525,4.5802170899854335
7526,4.790448741461885
7527,4.8127909016059895
7528,4.655889083839915
7529,4.69811909170974
7530,4.3948848338503
7531,5.170783122858468
7532,4.532773647510753
7533,4.742988475071437
7534,4.67173919178056
7535,4.646536965955356
7536,4.941191026771509
7537,4.362481972075042
7538,4.8140022235415145
7539,4.1187034325508876
7540,4.247433918244274
7541,5.140453485165162
7542,4.161099700294223
7543,4.339816275089184
7544,4.975108040966173
7545,4.329271562342766
7546,4.566690661705419
7547,4.4305515352851685
7548,4.770546049104599
7549,4.429256093770789
7550,4.586475586652302
7551,4.763126702249517
7552,4.741679178567598
7553,4.476951894982033
7554,4.785172761476051
7555,4.588055055450585
7556,4.574463310791696
7557,4.226511084812502
7558,4.676638316053122
7559,4.260241741786315
7560,5.101526002964464
7561,4.563864243855862
7562,4.605789441957603
7563,5.132822156971363
7564,4.591421817889028
7565,5.016292986773978
7566,4.638360542890574
7567,4.620283892468143
7568,4.837555705621144
7569,4.620863670488562
7570,4.62289289356004
7571,4.469179245895756
7572,4.9193872319320775
7573,4.468961829138097
7574,4.464656977336469
7575,4.669854913214191
7576,4.802131268573383
7577,4.45908489643306
7578,4.559624617081528
7579,4.4082093751410625
7580,4.877125555514922
7581,4.963802369567951
7582,4.984086074135346
7583,4.1592154217278505
7584,4.274156414276435
7585,4.872052497836229
7586,4.196014273729906
7587,4.816828641391069
7588,4.311303620299164
7589,4.678334166762854
7590,5.422560526664983
7591,5.500405654288157
7592,5.531052790118183
7593,5.848983512250516
7594,5.710938152598759
7595,5.882750228658637
7596,5.908145809244129
7597,5.864173831748879
7598,4.980736829344275
7599,5.321091356450376
7600,5.897485935911945
7601,5.442987700203448
7602,5.160888688658153
7603,5.314062868539045
7604,5.263223472647105
7605,5.514396738036645
7606,5.928932562241883
7607,5.230355529872877
7608,4.985533772343752
7609,5.388476984300244
7610,5.865506315915399
7611,5.318654813974447
7612,5.375152142635018
7613,5.3644922693028345
7614,5.713070127265194
7615,5.302414183427183
7616,5.396471889299381
7617,5.572359799280386
7618,5.525722853452093
7619,5.271013380082158
7620,5.1006604043313235
7621,5.7391106749766685
7622,5.700278279266575
7623,5.469568163577202
7624,5.677181887046849
7625,5.8186028732538
7626,5.444441319294201
7627,5.062462524891
7628,5.169416587323896
7629,5.586350883028876
7630,4.920775041850746
7631,5.277690443597919
7632,5.739110674976667
7633,5.5497075684495005
7634,5.258559778064274
7635,6.038348547801499
7636,5.767059250435835
7637,5.165507967102096
7638,5.649110887272103
7639,6.159985316716934
7640,5.796217139256216
7641,5.172614549323551
7642,5.695358337728644
7643,5.50594058851833
7644,5.41984161160455
7645,5.179276970156165
7646,5.480418391790316
7647,5.036701164338233
7648,5.690284648017656
7649,5.406751052869698
7650,5.23903376008561
7651,5.783425291257593
7652,4.970076956012093
7653,6.024871422231525
7654,5.3724871743019715
7655,5.668298659270027
7656,5.57358978466487
7657,5.038881592974358
7658,6.011609285703544
7659,4.836828539359811
7660,5.227246400150987
7661,5.545710115949932
7662,5.147030853326314
7663,5.3079129416166335
7664,5.691395051489758
7665,5.5990094826108425
7666,6.069186038512456
7667,5.641648975939573
7668,5.443211333909716
7669,5.101548727109003
7670,5.410329724631216
7671,5.131751701550188
7672,5.212056080652626
7673,5.1579572234918025
7674,4.763732265081989
7675,5.684288469268301
7676,5.160985596597536
7677,6.012806383778283
7678,4.9455592473480685
7679,5.309860418475399
7680,5.62459317860808
7681,5.439111382628109
7682,5.654593107842937
7683,5.568362346780818
7684,6.1754040620724115
7685,5.073477727334257
7686,5.286424373428911
7687,5.322918763307323
7688,5.307639611531194
7689,5.446217964849566
7690,4.788859109364992
7691,5.360494816803264
7692,6.1479929592182305
7693,5.544070135437291
7694,5.4374457774199545
7695,5.596344514277797
7696,5.493299072066703
7697,5.562184465645123
7698,5.327182712640196
7699,5.6271820049887555
7700,5.255228567647967
7701,6.246839057389375
7702,5.391674946299901
7703,5.493640734673505
7704,5.271751371312845
7705,6.2484489141625925
7706,5.093316459321986
7707,5.331119727358505
7708,5.642851472504821
7709,5.6104735376224735
7710,6.085789151447626
7711,5.925217183688082
7712,6.048812689268866
7713,5.997676569265568
7714,5.910050111201667
7715,5.967383796558114
7716,6.165792769616218
7717,6.031560454607561
7718,6.392391252840783
7719,5.972977326836791
7720,6.006538508508859
7721,5.669958580778417
7722,6.2872100254250185
7723,5.622238775588443
7724,5.787422716630651
7725,6.127516528766932
7726,6.1940293407345415
7727,6.227913226076534
7728,5.7603156083570575
7729,6.818998781486817
7730,5.134754544209919
7731,5.487487583418211
7732,6.338253057831222
7733,5.782582161581795
7734,5.749773955139547
7735,5.838876024001818
7736,6.240234638928166
7737,6.440001249143069
7738,5.280293899345516
7739,5.563143666033662
7740,6.053280893929351
7741,5.389287063862257
7742,5.931172533233035
7743,6.111202065454119
7744,6.034022104397362
7745,6.082212519105973
7746,5.754565615692961
7747,5.794066615717316
7748,5.051012941864714
7749,5.905209556152808
7750,5.2018396725152165
7751,6.367213643593608
7752,4.857498307800451
7753,6.304151968096011
7754,5.822635381789976
7755,6.089554027596737
7756,5.491503451310594
7757,5.906450724114052
7758,6.172308901412752
7759,5.740832374285413
7760,6.46886529961958
7761,5.9173109437749485
7762,6.348389262848055
7763,5.899239538259216
7764,6.557070969398733
7765,5.760726322118778
7766,5.7791003588273515
7767,6.370978519742719
7768,5.802751140952028
7769,5.431014441181556
7770,6.2177480604739355
7771,5.905639827712706
7772,6.428957612439014
7773,5.694806763362543
7774,6.33615341536345
7775,6.2250895689647
7776,5.685771060604678
7777,6.0332980897533055
7778,5.6423301819611
7779,6.0454615357735015
7780,6.793774111287785
7781,5.913075458107199
7782,5.5602751889676725
7783,5.4929556178252525
7784,6.157321798280718
7785,6.110260846416844
7786,6.000138219055373
7787,5.274144601635305
7788,5.747378124862843
7789,5.127392866739783
7790,6.4467466522435615
7791,5.547725601803972
7792,6.220006986163401
7793,5.751118553764233
7794,6.122873181516361
7795,5.8656783565871535
7796,5.897141964404717
7797,5.624278083502544
7798,5.025035296435853
7799,5.887460854307005
7800,5.8056196180180155
7801,5.400016960887221
7802,6.051717022298181
7803,5.858014144426466
7804,5.451004140735169
7805,5.155864742617428
7806,5.876752959804991
7807,5.779892964332429
7808,6.090764166358952
7809,6.2372146847978645
7810,5.334830819562628
7811,6.135297272808424
7812,5.8130923267382215
7813,5.6104735376224735
7814,5.83568158363288
7815,6.2253067733579215
7816,5.453717785232254
7817,5.5125867577456145
7818,6.390744119525548
7819,6.132536363632411
7820,5.874004021078246
7821,6.543352976573312
7822,7.312531202656764
7823,6.942288010436293
7824,6.124475011502083
7825,6.889861406316539
7826,6.273779561620504
7827,6.747080334174763
7828,6.711148673635773
7829,7.02994084984636
7830,7.187715960784484
7831,7.10018319375717
7832,6.910348756623858
7833,6.399488796960744
7834,6.924037008257759
7835,7.0522415660250335
7836,6.800410482974737
7837,6.875407693242584
7838,7.181832414029561
7839,6.924037008257759
7840,6.646309586948874
7841,6.511719361553338
7842,7.705888328557288
7843,7.002924563726822
7844,7.291098282335261
7845,6.651577762742184
7846,6.840433882847833
7847,6.549771391215046
7848,6.910348756623858
7849,6.874818246999977
7850,6.709635761613081
7851,6.795871746906656
7852,6.585072671744577
7853,6.842772019610175
7854,6.716650171900115
7855,6.8170525152243755
7856,6.236094298509757
7857,7.549974339551847
7858,7.422217324302103
7859,7.142910489343151
7860,6.638528896546447
7861,7.28038182217451
7862,7.376829963621272
7863,6.639952813744275
7864,7.178890640652098
7865,7.112652248889265
7866,7.007427278080074
7867,5.650219117721379
7868,6.832181635451317
7869,6.440841725581054
7870,6.839746195564793
7871,6.444876157641572
7872,6.28203180901702
7873,6.981311534831187
7874,6.738570204047106
7875,6.839746195564793
7876,7.188403648067526
7877,6.51951315076116
7878,7.303075502514925
7879,7.924504115836617
7880,6.981791824362203
7881,6.706826067856648
7882,6.458276235556863
7883,5.932686669231241
7884,7.251670878107472
7885,7.708409848595116
7886,6.7867942747704895
7887,6.1156114865206455
7888,7.1981172309405075
7889,7.008688038098988
7890,6.431259949437324
7891,6.909718376614398
7892,6.6643859383888575
7893,6.396462972915353
7894,6.424956149342766
7895,6.141915525097033
7896,6.754855020958052
7897,6.9834728377207504
7898,6.932583978775581
7899,6.446389069664265
7900,7.1149798058472555
7901,7.3066858607509
7902,6.152316795253059
7903,6.7323294419534925
7904,6.675847393106238
7905,6.545892129618391
7906,6.2930348055457035
7907,6.592637231858053
7908,6.78931579480831
7909,6.630001574236715
7910,5.8391611987374095
7911,6.9392492555189165
7912,7.255797001805728
7913,6.281481659190586
7914,7.107175644282227
7915,7.216228533519878
7916,6.799172645865259
7917,7.132872899961816
7918,6.860278573015643
7919,7.702106048500552
7920,6.748283786920091
7921,6.500716365024655
7922,6.86106450133912
7923,7.345407944688393
7924,6.7729259145624585
7925,7.0158923810642
7926,6.421534086434287
7927,6.606001288058518
7928,7.159979240368422
7929,6.860758862546659
7930,7.047231272962868
7931,6.867941374169545
7932,6.848319363693394
7933,6.85163336145739
7934,6.7202261457719406
7935,5.884845020341814
7936,5.414904330782949
7937,4.8668713719733
7938,5.261890247262386
7939,5.717009059785077
7940,5.184206174090411
7941,5.763697972449041
7942,5.454574648732722
7943,5.65635924676571
7944,5.821372511622176
7945,4.874777694082169
7946,5.787729030437848
7947,5.93921832326598
7948,5.712431715406256
7949,5.854329391149681
7950,5.344995798451876
7951,5.121038821662694
7952,5.432381463865715
7953,5.396947056681421
7954,5.321831661746938
7955,5.425203355635293
7956,5.564125757532484
7957,5.327934787585365
7958,5.527929526598426
7959,5.52476059587463
7960,5.315118223324667
7961,5.681820724872898
7962,5.413655964134179
7963,6.187643286371038
7964,6.186644593052025
7965,6.206212740271482
7966,5.3416668207218265
7967,5.920876936349451
7968,5.202682000492194
7969,5.99737140298781
7970,5.812076981499034
7971,5.78566922546738
7972,4.870616471919606
7973,5.805286415662323
7974,5.438623297109562
7975,5.839224154699572
7976,5.70010809592482
7977,5.431382770546701
7978,5.544214309484616
7979,5.655839093995391
7980,6.067175904764817
7981,5.787042428781026
7982,5.836852258066912
7983,5.290067665906035
7984,5.575765290381483
7985,5.23810440415102
7986,5.753211692599383
7987,5.7623247691353985
7988,5.455044119951065
7989,6.190001312263156
7990,5.565956695284013
7991,5.698699682269796
7992,5.398675564348949
7993,5.858906735528501
7994,5.630039516587493
7995,5.588574161626415
7996,5.887075008628933
7997,5.942061825077067
7998,5.491411372543228
7999,5.51560590711699
8000,5.82045704274641
8001,6.233676806544397
8002,5.816302222464099
8003,5.68611198522804
8004,5.64949323019748
8005,5.324883224666152
8006,5.993022925827926
8007,5.307160686173795
8008,6.301383358814444
8009,5.826865324876758
8010,5.5578790287331525
8011,5.78566922546738
8012,5.568453428581551
8013,5.789414325413686
8014,5.52750700250192
8015,5.883166660736251
8016,5.622997448312386
8017,5.709614888096214
8018,5.876643944996431
8019,6.194739265216672
8020,5.835603891418142
8021,5.331367795869479
8022,5.784524889372674
8023,5.670531409169362
8024,5.864137986247153
8025,6.1375525745891775
8026,5.84059735801322
8027,5.371648426403098
8028,5.526008962523399
8029,5.318780098827725
8030,5.750810987505593
8031,5.23638790000896
8032,5.675812960375694
8033,5.182832970776767
8034,5.333885335277831
8035,6.060309888196587
8036,5.8131332917403
8037,5.009809353257367
8038,5.039562091719699
8039,6.001156514685681
8040,5.627750844398081
8041,5.3521293221591275
8042,5.900807041765393
8043,5.950453623104904
8044,6.472270882290401
8045,5.61499967077137
8046,6.046577855060125
8047,5.858906735528501
8048,5.52956680747239
8049,6.086400751155862
8050,7.037986524105021
8051,5.959802472197115
8052,5.999880029883629
8053,6.232818615168899
8054,6.313958751190505
8055,6.991826735441691
8056,6.348467892742338
8057,6.692719062850999
8058,5.749865246942431
8059,6.530663293878181
8060,6.81399207669369
8061,6.3102367266023585
8062,6.362207218073895
8063,6.446598172877202
8064,6.2367612041770855
8065,6.719321065426891
8066,6.3837122490276315
8067,5.860935187033171
8068,6.145588833362796
8069,6.151099497544692
8070,7.141764590146929
8071,6.677614338728731
8072,6.815116203311728
8073,5.371542125471658
8074,6.038002584756166
8075,6.409697494763401
8076,6.513766483843101
8077,5.672417058542603
8078,6.182998626792736
8079,7.09651442084844
8080,6.438370869368388
8081,6.406412003923249
8082,6.1767263260978975
8083,6.185755682043215
8084,6.265076161599508
8085,6.131028135321202
8086,6.233387865988263
8087,6.155669316622362
8088,6.998397717122005
8089,6.51632660657569
8090,5.876295923428698
8091,6.2295928605258375
8092,6.270072918791698
8093,6.12027561984433
8094,6.025295066465317
8095,6.8066445244511655
8096,6.850013003541205
8097,6.3817823103523
8098,6.783760965872185
8099,6.845711997350456
8100,6.123262429699016
8101,6.490725379249808
8102,6.313131634615361
8103,7.879028734677611
8104,6.663001945901193
8105,6.225682854897883
8106,6.10175739874528
8107,5.6207316716481035
8108,6.425698261842076
8109,6.024467949890173
8110,6.769010720282122
8111,6.138196478972448
8112,6.115795405062304
8113,6.376218071574057
8114,5.668445959076715
8115,6.537383616051226
8116,6.204862074929041
8117,6.349214595206009
8118,6.028227570686282
8119,6.252075392886564
8120,5.95607574808297
8121,6.72689670133105
8122,6.41991238446643
8123,6.522598907270533
8124,5.654930644484262
8125,6.0821297911287715
8126,7.038420969174794
8127,6.425527586993239
8128,6.138196478972448
8129,5.882579861045052
8130,6.603400898574652
8131,5.756482179543582
8132,7.283339377259042
8133,6.684424265197416
8134,6.130865218420034
8135,6.558216614787661
8136,6.142036663071329
8137,6.508262219968039
8138,6.580841699436908
8139,6.2295928605258375
8140,6.709155050794214
8141,6.776435076206624
8142,6.734065044982296
8143,6.683679860279787
8144,6.299972961828983
8145,7.161029513709655
8146,6.261850406956446
8147,6.279771266084563
8148,6.153498135612608
8149,6.277490429468257
8150,6.495097281147
8151,6.445411206883003
8152,6.529991261660877
8153,5.9930375200347115
8154,6.3491355325922125
8155,5.728134638740926
8156,6.721520443592617
8157,6.835765920534351
8158,6.688725271388163
8159,5.797537238637087
8160,5.426738371586254
8161,6.060240741765144
8162,6.298140146690882
8163,6.662082927484365
8164,6.790157334053298
8165,5.830805448372226
8166,5.933704858520198
8167,5.909309253682686
8168,5.908370961188936
8169,5.777265910016702
8170,5.993547068677181
8171,6.174095395419089
8172,6.201900129650561
8173,6.17234391609742
8174,5.73812300093398
8175,6.047238250264016
8176,6.080391251709868
8177,5.78336955007706
8178,6.135437744676565
8179,5.688059883656312
8180,5.407250593180478
8181,5.51626895352274
8182,5.897111451263928
8183,5.83737349582848
8184,5.43562792642096
8185,5.646462249766703
8186,5.897327980300947
8187,5.877118603512477
8188,6.721870553270648
8189,5.205965200367286
8190,5.651716687731708
8191,5.911185838670187
8192,5.905411731016338
8193,4.994474072275917
8194,5.352432658641746
8195,5.907432668695186
8196,6.071633855101531
8197,5.4418310823518645
8198,5.739290653815088
8199,5.806097079370129
8200,5.42577585523658
8201,6.650219126475152
8202,6.160302495760956
8203,5.959977048345214
8204,4.9123734790727465
8205,5.770008906533571
8206,5.585598343338752
8207,6.032822665587304
8208,6.494515064400328
8209,6.252061982282143
8210,5.753083553473225
8211,5.820171466776387
8212,5.2134089874843745
8213,5.476568755564937
8214,6.054556931715268
8215,6.05061610324152
8216,5.971092205578875
8217,5.73228473652842
8218,5.795046078888175
8219,6.303266995392079
8220,5.271061848489268
8221,5.593261065371047
8222,5.836122439170147
8223,6.379559374080012
8224,6.081955072532784
8225,5.718474995722962
8226,6.455043625360341
8227,4.85057412346163
8228,5.7538414051027935
8229,5.897580597510803
8230,6.000480007658782
8231,5.778092657248962
8232,5.9494681724152105
8233,5.635515504006284
8234,5.652437885099454
8235,5.738540019820091
8236,5.334221254331224
8237,5.487077631494948
8238,6.194108622374026
8239,5.873497756837875
8240,5.948482965296769
8241,5.960852788006051
8242,5.956693024617088
8243,5.161594390885041
8244,6.95306582373078
8245,5.561953372496241
8246,5.886414916835172
8247,5.3970015520948955
8248,6.125272909327604
8249,6.222698946595369
8250,5.764577636521668
8251,6.012521427995246
8252,6.350119067246686
8253,6.271959302517267
8254,5.410649442913083
8255,5.75889374929991
8256,5.962166397497299
8257,6.180663442875343
8258,5.741589470424779
8259,6.231058279721504
8260,5.7538414051027935
8261,5.9337048585201995
8262,6.145341943221711
8263,5.674014366788322
8264,7.007580617617686
8265,5.851305717705381
8266,6.051929712732768
8267,5.813091623414451
8268,5.757097360252045
8269,6.146509596102822
8270,5.223161542798206
8271,5.703823197551319
8272,5.725716689072165
8273,5.7552729026253076
8274,6.246781787268294
8275,5.900864621238933
8276,5.367539167791131
8277,5.715645682972578
8278,6.471090559486413
8279,6.782624992240997
8280,20.78071417773054
8281,20.042945543033095
8282,21.648580406492943
8283,17.68047204311286
8284,18.303655986733858
8285,21.946081216954717
8286,20.913538148942564
8287,18.94251751384218
8288,20.531298076795892
8289,22.23319617729114
8290,21.398019027543793
8291,21.826891383519055
8292,19.80739753622604
8293,18.79053205170121
8294,19.47662427855795
8295,18.93558319806894
8296,20.378976100867945
8297,20.796391761217862
8298,22.11004261092628
8299,19.278279093528965
8300,19.171456343296732
8301,19.729009618789437
8302,19.510176682612254
8303,19.09537395284356
8304,20.579145247179277
8305,20.436876267156343
8306,18.245166540646547
8307,19.17749462825333
8308,18.14265926399868
8309,20.528130888212598
8310,18.463915729048693
8311,19.18582154988579
8312,19.258682114169815
8313,20.902215449757275
8314,17.705769961921945
8315,19.001308451919638
8316,18.72793058985948
8317,22.751101375114263
8318,19.69772321314588
8319,20.21240177631516
8320,19.61049455314124
8321,19.352584306932414
8322,20.58474438413903
8323,20.35314371898543
8324,20.174514282887472
8325,19.580943552520296
8326,18.24780459556028
8327,20.3403585238955
8328,19.12744173724944
8329,18.491133755936403
8330,19.638059535096968
8331,20.20015366421569
8332,18.709966692113586
8333,19.29460990966159
8334,23.367515453138463
8335,18.622031528322527
8336,20.34958063182922
8337,18.52706155142818
8338,20.043867753826465
8339,20.04092820692259
8340,23.141573808762374
8341,22.82571661203253
8342,21.307033051947737
8343,19.21898566880128
8344,18.27942699407164
8345,18.63573570969256
8346,19.832220376747635
8347,20.483301196868133
8348,22.148583336999277
8349,20.66082677459221
8350,19.78257469570445
8351,19.78344567256486
8352,18.294992059017183
8353,19.33543694999316
8354,19.678384088778298
8355,18.653788684617357
8356,22.53884318309437
8357,22.79789658643248
8358,20.267629627236403
8359,19.334100792309577
8360,18.278330659562034
8361,17.89995821193535
8362,20.49923029239001
8363,20.95218774712311
8364,21.81282175731249
8365,20.69906009706741
8366,20.418170059586245
8367,19.996835003364502
8368,20.906134845629108
8369,20.026230472403228
8370,21.13345980619526
8371,18.818403311234224
8372,18.926350005870884
8373,20.24179724535389
8374,20.682729280934787
8375,19.301142236114643
8376,21.596661136502462
8377,20.23199875567431
8378,19.240391600101272
8379,18.950657797575982
8380,19.563741759527268
8381,20.177127213468694
8382,19.485353842090664
8383,20.300588183431344
8384,20.9196745768227
8385,19.255712874872973
8386,20.201203502395646
8387,20.317512847423334
8388,21.841750631604572
8389,19.431322170429002
8390,20.20787939646305
8391,21.046673183319015
8392,19.6109252559843
8393,22.524845340694974
8394,19.129668666722072
8395,19.25760430241808
8396,20.183483523452168
8397,18.77079107370845
8398,19.533114471721333
8399,19.237925004610705
8400,19.79677474126961
8401,19.223901340777296
8402,19.194122696587836
8403,19.32616443671474
8404,18.966037021051886
8405,19.379488985612145
8406,19.08512966257776
8407,19.382935129928644
8408,18.245707505484013
8409,19.21316717833691
8410,20.158812263004503
8411,18.72181954921083
8412,19.52168778267189
8413,18.994790454280878
8414,18.780417954592597
8415,18.5652315881629
8416,18.957971122899334
8417,18.904646574001934
8418,19.08638534269308
8419,19.588343468793642
8420,19.33378222941437
8421,19.55391690563186
8422,18.944493489661532
8423,19.926383019839683
8424,20.010496147564755
8425,19.961442179423205
8426,20.02772686914725
8427,19.917227018998783
8428,20.386851382129766
8429,19.575647147627592
8430,18.366322556561474
8431,19.612515311013617
8432,19.404700251927583
8433,19.619290751635887
8434,18.410182575135096
8435,19.074142461568677
8436,19.12175366594136
8437,18.904646574001934
8438,19.39218530677819
8439,19.20004764646533
8440,19.87083661473822
8441,20.229054247637446
8442,19.026531257195995
8443,19.32362517248153
8444,18.75038627183444
8445,19.013834936029948
8446,20.24061696869938
8447,18.6354845652817
8448,19.2626828308845
8449,19.872106246854827
8450,19.216976074686723
8451,19.153494468856483
8452,18.745875736683345
8453,18.895335938480166
8454,19.343939286347208
8455,19.38105160975566
8456,19.85179213298915
8457,19.608748270667647
8458,19.297163366261767
8459,20.321556016132945
8460,19.44843977594469
8461,19.539729923276273
8462,19.36171413597968
8463,19.219356634905356
8464,19.2723782034113
8465,19.84861805269764
8466,19.107470304629555
8467,19.62643243229179
8468,18.613412499254572
8469,19.06081132434433
8470,18.31236319160577
8471,18.838326966969866
8472,18.94083108932517
8473,19.223901340777296
8474,19.95733030268193
8475,19.084667043587903
8476,19.907655946119764
8477,19.15772657591183
8478,19.284364240875753
8479,19.510261093622443
8480,19.665253875857207
8481,18.99137221396694
8482,20.079419033894734
8483,20.04677135089632
8484,19.719057866253188
8485,18.824183638612098
8486,19.109850864848188
8487,19.75694314545455
8488,19.58770865273534
8489,18.207618541985866
8490,20.489147455524783
8491,19.216976074686723
8492,19.426465373926526
8493,19.420117213343502
8494,20.17506000267854
8495,19.43512195653974
8496,18.883697644077948
8497,19.515339622088863
8498,18.614477924806966
8499,20.185524003639568
8500,19.16619079002253
8501,19.524227046905096
8502,19.216976074686723
8503,19.788310527158906
8504,18.718356916165543
8505,19.61691019141725
8506,18.982582453159676
8507,19.611898485693814
8508,19.369331928679305
8509,20.25299588183628
8510,23.966262333549253
8511,23.691075081813345
8512,24.493876989133142
8513,24.298124305322307
8514,23.16606926254863
8515,22.14952269680303
8516,23.78409359057272
8517,24.731371054050697
8518,24.858889174134273
8519,23.98830250245259
8520,24.395767809909177
8521,24.78949897203751
8522,22.551755779288868
8523,23.11378008632388
8524,24.317978978485645
8525,24.184509720358953
8526,21.944863985557788
8527,23.22274398258577
8528,23.959515343068638
8529,24.08276036918116
8530,22.749854916455742
8531,21.53599636243268
8532,23.723033326723176
8533,22.379370172509226
8534,24.223660020384614
8535,24.037780432643743
8536,23.828010364973796
8537,23.34913760425591
8538,22.7540530438659
8539,22.935218388258136
8540,22.13944719101865
8541,23.211325998695507
8542,25.667230533638406
8543,24.866760663028316
8544,23.9028406230315
8545,24.081500930958114
8546,23.07181899552715
8547,24.273996120417607
8548,23.76475221786163
8549,25.250030613178495
8550,25.443853248803364
8551,21.863000501059695
8552,24.96388272599796
8553,24.096614189634685
8554,24.00509501209322
8555,23.61361963109592
8556,22.955563159553524
8557,25.123895966900545
8558,22.010984492267788
8559,23.84766523421227
8560,23.500084979518235
8561,23.557870968575717
8562,23.63565979999925
8563,25.26033510773071
8564,24.31260784488736
8565,25.29145064030012
8566,23.72575807287881
8567,23.282117498815158
8568,25.495753175577303
8569,24.544677858634223
8570,23.071611395820053
8571,23.867081573484253
8572,24.63961198351437
8573,23.130310213001383
8574,23.594098338638673
8575,22.03365438028265
8576,24.460591836095453
8577,22.702416076720944
8578,23.98565105356196
8579,24.080338372598376
8580,23.775166803167604
8581,24.405854713324537
8582,23.4632741932196
8583,22.73467707120363
8584,23.813462843253028
8585,24.320794193337164
8586,22.22508899018589
8587,23.386291031835817
8588,22.853008904248217
8589,23.280498221099815
8590,23.057287016030447
8591,22.734677071203624
8592,24.15431935912705
8593,23.232639568624002
8594,23.354647646481745
8595,23.761603622304012
8596,23.055418618666586
8597,22.527354163717327
8598,20.074598224332043
8599,24.51096936501736
8600,21.54814094529778
8601,23.75530643118877
8602,23.091582487642665
8603,24.43666250985755
8604,23.639094631516652
8605,23.330246030910196
8606,24.16462385367926
8607,24.30819981110669
8608,22.591066920883264
8609,23.71994528108013
8610,24.42223621748446
8611,21.66673804463477
8612,22.461683456372697
8613,24.545890152110957
8614,21.881442275040033
8615,21.524526478615638
8616,22.856745698975935
8617,27.00780564220931
8618,23.505136202337944
8619,23.73011766672782
8620,22.56901250494121
8621,23.93449014201328
8622,24.139435089218306
8623,22.355755705827082
8624,23.130984912049442
8625,20.83774436762828
8626,21.891277981756918
8627,24.33486012225155
8628,21.24106738744214
8629,22.795689301443137
8630,21.716422194025757
8631,23.408454363857004
8632,21.654137942592644
8633,20.36926282314101
8634,22.032042389490186
8635,22.58960141074616
8636,21.602491001516647
8637,21.708724140477845
8638,19.64410617892762
8639,22.741363037833587
8640,21.243954157522605
8641,23.163656261033378
8642,21.656762279029433
8643,21.690959401521123
8644,21.725219969509087
8645,22.918018370549973
8646,22.386152852694178
8647,25.234432665421938
8648,22.13101736367764
8649,20.71105640066834
8650,20.638694697317955
8651,22.162909299804703
8652,22.771055530089818
8653,23.247150534129965
8654,22.620173680550728
8655,21.595819355108453
8656,21.254538981150986
8657,21.380273855766895
8658,21.08133277632295
8659,23.55625699197693
8660,23.443352206607546
8661,23.008595468139706
8662,20.507827787003443
8663,21.326020906953037
8664,21.725740890425865
8665,21.32767048985616
8666,24.433835096438997
8667,24.8705246795206
8668,20.923522678590732
8669,20.800353821824128
8670,23.02299182802151
8671,22.929415488789743
8672,20.93012101020323
8673,21.219127934830585
8674,22.65558472687113
8675,23.01739324362303
8676,22.46621260959247
8677,20.03173278296329
8678,22.13507787543917
8679,21.564385636454478
8680,22.12955106776375
8681,21.95814107543022
8682,21.82419494369654
8683,22.806585008003264
8684,21.473583595741598
8685,22.536560975861093
8686,23.048185457814682
8687,21.900075757240252
8688,23.938080447953414
8689,21.985854068202705
8690,23.543060328751938
8691,22.940412708143906
8692,22.055136550133923
8693,22.888625802457945
8694,21.851138131114233
8695,21.64457369424524
8696,21.371549395079263
8697,20.84180487938981
8698,23.45464268514449
8699,20.88444025288594
8700,22.36855730172752
8701,21.21695436677
8702,21.212969491992258
8703,25.164450360440913
8704,22.582749297148567
8705,23.354183086344218
8706,23.428350871488536
8707,20.578886742830324
8708,22.944261734917855
8709,22.294960526049667
8710,23.556256991976934
8711,23.221391662642723
8712,22.912186511801558
8713,22.744662203639834
8714,21.950324590289263
8715,21.898096257756503
8716,22.0569130240296
8717,22.2035990114151
8718,23.225240689416676
8719,22.96240714685223
8720,20.220800361859833
8721,22.509321709460785
8722,22.14615471267101
8723,23.70192785142205
8724,23.306070251669762
8725,21.804949809826756
8726,21.516272801780026
8727,23.294523171347898
8728,21.200652606315597
8729,21.592249243318122
8730,23.39459786747076
8731,22.600888030609642
8732,20.987031620361016
8733,21.817896536248245
8734,20.895809685818246
8735,20.1044497810928
8736,23.799795413310907
8737,23.299655207046502
8738,23.1938563172598
8739,22.187403106548064
8740,26.23752035720728
8741,25.100365074656562
8742,25.689628431494548
8743,24.049466829973145
8744,29.920695874141508
8745,19.498754620064354
8746,23.980461199679294
8747,19.2535755245506
8748,24.92257973549671
8749,23.379537169203687
8750,20.0183879269741
8751,23.698688209312742
8752,23.556651620291237
8753,23.436257706225526
8754,26.11676050419305
8755,20.548999402339682
8756,23.26651833240831
8757,26.856414603905247
8758,23.688755580709838
8759,21.740333979214142
8760,26.287836962629886
8761,22.937934961612406
8762,20.24783164770115
8763,23.221399266446944
8764,26.458913421066722
8765,26.534388329200624
8766,22.9861527995361
8767,24.574556547990404
8768,25.192764659159874
8769,23.077637536668092
8770,26.140546535847374
8771,21.306493025792623
8772,25.950258282612815
8773,21.183049620489182
8774,23.882703223429672
8775,22.719383306059196
8776,27.364612318673494
8777,20.88670877483837
8778,26.324735806606455
8779,22.530863757742523
8780,21.632178689982535
8781,25.098927457358773
8782,22.44287420672147
8783,26.72190154540884
8784,30.12505870231945
8785,18.32327739762611
8786,19.18770651381556
8787,22.950521901916268
8788,23.23865067402041
8789,25.55608975805552
8790,20.22770500553211
8791,25.112258090483717
8792,18.36800326911286
8793,25.347922773335746
8794,16.088203619783485
8795,23.155047698856713
8796,21.341379205552293
8797,26.63540859085676
8798,21.30202043864395
8799,24.679718253323635
8800,24.22330793705957
8801,23.8464752675254
8802,25.561090166047833
8803,22.587494603845606
8804,16.10040158473442
8805,22.653148356375628
8806,23.520423664386957
8807,22.015957162251265
8808,25.959772695274545
8809,24.505445210542305
8810,25.920983166730576
8811,24.831171235645655
8812,21.225986457116466
8813,20.453855275722404
8814,26.933007658826316
8815,26.582548508676535
8816,23.57074026980956
8817,23.713639429209742
8818,23.15009344847664
8819,21.37602142601294
8820,29.614323654457245
8821,24.902453093327676
8822,22.07130542821612
8823,27.01440874493221
8824,24.330856455726952
8825,26.9233743941984
8826,23.994517902146555
8827,24.426122561993743
8828,23.048118461486837
8829,20.362370538590408
8830,20.28405960360542
8831,24.034427141319355
8832,22.2645211930389
8833,21.588266016159178
8834,24.096045630421493
8835,27.580254913341776
8836,26.371303331625025
8837,28.974743692196654
8838,25.956806663796996
8839,21.769405795680534
8840,22.59057279617734
8841,27.203599181321184
8842,23.89320408021352
8843,19.746678257692068
8844,17.76420400404168
8845,21.27965750290057
8846,27.191523196019755
8847,20.952264123617528
8848,26.113885269597475
8849,22.245736327014466
8850,23.702747364035908
8851,23.83574105836858
8852,26.644697810319393
8853,27.38222313057141
8854,23.7805218093407
8855,17.410671082555126
8856,17.0239932859734
8857,16.150957776390097
8858,17.108903901405906
8859,17.12619479036671
8860,16.53830456569947
8861,17.570158948826897
8862,16.429927743820162
8863,16.997902569595052
8864,17.681479338707867
8865,17.2476801270913
8866,16.435088544862037
8867,17.127782729148823
8868,16.157552133276933
8869,17.212649235170716
8870,16.4162802921761
8871,16.891532725898692
8872,16.644273013759236
8873,16.68186253455049
8874,16.881899230620533
8875,16.136908929109445
8876,16.779141947653486
8877,16.463377380202665
8878,16.757734180368683
8879,16.795197773117085
8880,16.140120094202164
8881,16.62661160574928
8882,16.464636660631182
8883,17.39010835871578
8884,17.054766951445302
8885,17.057442922355904
8886,16.14404485153771
8887,16.582458085724372
8888,16.44464558382846
8889,15.94053383305463
8890,18.169977828437926
8891,17.086672758456306
8892,15.886191039177827
8893,16.162139511980815
8894,16.52867107042131
8895,17.103963647417107
8896,16.641061848666517
8897,16.26936948918415
8898,17.417669775705928
8899,17.265404090265402
8900,17.79065895186035
8901,16.894743890991414
8902,17.17652362787761
8903,17.29935069267416
8904,17.371318569163947
8905,16.83022866503767
8906,17.389263315270323
8907,17.11363831147851
8908,16.749323986078224
8909,16.490137089308668
8910,16.825015734692347
8911,16.22636281383522
8912,16.87075459882815
8913,17.204621322438914
8914,16.159387084758485
8915,16.372676050390744
8916,16.9903378056747
8917,17.395685645455764
8918,17.805255156827258
8919,16.268923494032386
8920,16.10158611308952
8921,18.308459323061484
8922,17.001629814791958
8923,18.000844303383854
8924,17.03374146571916
8925,16.89866864832696
8926,16.492430778660612
8927,16.648401654592735
8928,17.737139533648346
8929,17.28650603230328
8930,17.35277280285305
8931,16.996430785594217
8932,16.9606962817419
8933,18.018359749344146
8934,17.41602302437633
8935,16.894451966892074
8936,16.293453227379555
8937,16.41444534069455
8938,16.901166221176855
8939,16.556144371770138
8940,17.102042437532575
8941,17.385249358904428
8942,16.824098258951565
8943,16.276059416460654
8944,16.28783368846729
8945,17.244760886097914
8946,17.569088560462657
8947,17.51400472848753
8948,16.67258965139504
8949,16.821470942057523
8950,16.97823418340214
8951,16.602527867553874
8952,18.131845242961873
8953,16.795197773117085
8954,15.859945939862326
8955,16.95254486266038
8956,16.744736607374342
8957,16.54122380669285
8958,16.204343396056572
8959,16.03254606359604
8960,16.55065520067147
8961,16.804831268395247
8962,16.41673903004649
8963,16.328508446308415
8964,17.268309430111195
8965,16.499056992344002
8966,17.21479001189919
8967,16.66675116940828
8968,17.555173511727535
8969,17.657624969447657
8970,17.438351031570416
8971,18.90636195755125
8972,16.905816499990536
8973,19.566191549652064
8974,17.37163529607048
8975,17.722380278889563
8976,17.0411433043853
8977,18.311558202785143
8978,18.94855568908023
8979,17.43962748059146
8980,18.482174309913237
8981,18.099055227630096
8982,18.625070414024716
8983,17.086902067776087
8984,18.819161579058026
8985,17.783205008756013
8986,19.10934193536
8987,21.151068474893
8988,19.255163471524153
8989,18.005174174978116
8990,18.24251391482863
8991,19.351825474663272
8992,17.75517631566891
8993,18.334572965437314
8994,19.15779332184189
8995,17.40074897082547
8996,18.16340066821179
8997,17.28439164195517
8998,18.963053022477368
8999,16.63915211672738
9000,18.84620884285865
9001,18.44114902018044
9002,16.926069491124444
9003,21.432360018419534
9004,18.47726449388077
9005,18.539075570718033
9006,19.04841418703215
9007,18.629161927385102
9008,17.082186297781675
9009,17.327512708243027
9010,18.695393299906353
9011,17.52197480717989
9012,17.06952817832298
9013,17.59597612093841
9014,17.55897546405915
9015,18.24251391482863
9016,20.381736103347926
9017,20.447839616076664
9018,18.622257498589452
9019,17.29174849770894
9020,20.878567292101668
9021,16.684158763691627
9022,17.91621572433785
9023,18.776967847529043
9024,19.18611918356764
9025,18.557158598516168
9026,17.98260052861011
9027,17.063500502390266
9028,19.66022329420236
9029,18.27795664931297
9030,19.299466889629585
9031,18.072204671202563
9032,19.339550934582117
9033,19.333059591269965
9034,21.065274554117405
9035,19.5530015764346
9036,21.219703611513474
9037,17.545343643103635
9038,17.35644555272004
9039,19.274150650712198
9040,18.910862622247674
9041,18.20453955645255
9042,18.06760171867213
9043,17.6644597928816
9044,20.228432212125966
9045,17.47036862784829
9046,19.204530993689374
9047,16.401332902654946
9048,18.512553796614103
9049,18.542933283314966
9050,18.39051654234567
9051,18.539075570718033
9052,20.04313140782786
9053,17.892689522515628
9054,18.184091825019273
9055,17.466149254695395
9056,17.7407920890113
9057,20.483001059017482
9058,16.369112234941905
9059,18.75221419169871
9060,18.903900656545396
9061,19.720982267604096
9062,16.217214801437578
9063,17.65180167342291
9064,18.10960366051234
9065,19.255163471524156
9066,17.31847119434396
9067,18.2585031183554
9068,17.35282894716042
9069,19.721515241054988
9070,18.904352732240344
9071,17.00350739840116
9072,20.67287285089789
9073,18.979497758868153
9074,19.2450369759572
9075,17.38176179163743
9076,19.010439828656068
9077,19.449254636557466
9078,19.732174710072837
9079,18.279337535072102
9080,18.620310095595805
9081,18.207071180344283
9082,17.634924180811314
9083,18.586814764105107
9084,20.303255762704023
9085,20.15536841388901
9086,20.92312730016713
9087,21.126789435330362
9088,18.93860556450684
9089,21.355080479862163
9090,22.185074725583192
9091,18.31530470433287
9092,21.818293429140393
9093,21.939069811620914
9094,20.96575425868967
9095,22.233633025000998
9096,19.89242930307094
9097,19.803932822514323
9098,21.513865900358613
9099,21.123474005223052
9100,22.95588672222387
9101,20.335908653368804
9102,20.3735237149499
9103,22.015324704089004
9104,20.799666998075935
9105,22.6506816737441
9106,20.04430150529418
9107,21.336936697516677
9108,19.42663687630263
9109,22.60004601392339
9110,22.196908260735434
9111,17.918473223796575
9112,20.97274945188311
9113,16.276788821210697
9114,18.85019409497862
9115,24.092994238002245
9116,21.305822661125013
9117,21.540313990532823
9118,19.47665250763574
9119,21.100265994471894
9120,21.62155362057484
9121,18.987863383243994
9122,20.135949466117633
9123,18.26667839609235
9124,21.494328544369118
9125,19.84608614816439
9126,22.637299392220054
9127,19.192138455065717
9128,20.0724826612063
9129,22.528111227352696
9130,21.049259377436382
9131,20.421265908495144
9132,19.999543198845515
9133,21.96559325247938
9134,21.54393082337716
9135,20.640084295577495
9136,21.12678943533036
9137,20.093580852798265
9138,20.646715155792112
9139,18.992978618266697
9140,21.27476231590918
9141,21.524641048207364
9142,21.369920976532974
9143,20.198469005284018
9144,23.03205660366357
9145,19.707785349402386
9146,20.92072270250689
9147,21.668309686190725
9148,23.307832379768907
9149,20.669770146692162
9150,20.17061939238263
9151,19.71820527259678
9152,18.69989459678064
9153,20.23825416657172
9154,20.101216388802975
9155,19.97060853609083
9156,22.42643803739524
9157,20.509516629896947
9158,20.00838434579834
9159,20.427233682688296
9160,22.11733793816003
9161,22.23635337790956
9162,20.64273663966334
9163,21.263487168985534
9164,21.236861714892996
9165,20.991831927432866
9166,22.068371585805938
9167,21.866603982132602
9168,23.129309220144613
9169,20.45991435088891
9170,21.30449648908209
9171,19.018175887082243
9172,20.706494910957733
9173,21.27266836005193
9174,21.009091666520913
9175,20.872330174594445
9176,21.32737295682252
9177,21.610842230997385
9178,20.965754258689667
9179,21.519336360035673
9180,22.531326189881
9181,19.931908424656427
9182,20.317824489147124
9183,20.743219675223298
9184,21.566636496233272
9185,22.2991255212746
9186,22.898886827686685
9187,20.415077105628164
9188,19.465758951568873
9189,19.178263797977987
9190,23.468809263132993
9191,21.39202384391503
9192,21.500528829245127
9193,21.06536673018444
9194,21.36715811811022
9195,21.45568010197535
9196,20.9305159729777
9197,18.87892782257529
9198,21.453911872584786
9199,20.8805003416446
9200,22.089711713177913
9201,21.43697838871848
9202,20.886781716760336
9203,21.974759908500943
9204,20.908843174223595
9205,21.14687468895873
9206,19.95407818496447
9207,21.770506701843516
9208,21.365167004910955
9209,20.086763601382238
9210,21.682155314777745
9211,19.556591944659974
9212,20.96489405419005
9213,22.3321555194057
9214,20.867042517977424
9215,22.5685192301795
9216,20.626688744561942
9217,23.476970992347695
9218,21.543087746881838
9219,19.96205831024783
9220,21.2780823043981
9221,21.83890777570089
9222,22.27781466628568
9223,21.264148752316046
9224,21.292283809404815
9225,22.102251910051763
9226,20.534727300820368
9227,22.860038092571628
9228,21.68006528196544
9229,24.938587208109226
9230,21.61945433040849
9231,20.96945412578054
9232,22.580869424070418
9233,23.30193074431686
9234,23.00375272976084
9235,21.322099662111867
9236,21.955020709718028
9237,20.37588480708492
9238,22.127332303799466
9239,23.106861015168064
9240,21.876908372288316
9241,21.56238035745699
9242,24.04180235987408
9243,23.82443894739399
9244,22.46870432980986
9245,20.970383029252677
9246,21.06436620408067
9247,22.517007310360988
9248,23.883339872104504
9249,21.63826462571927
9250,21.815021686417364
9251,22.63312024437813
9252,23.299144033900447
9253,22.47636778345499
9254,21.162259652716
9255,21.97824329652146
9256,24.548983655660944
9257,22.24855420691336
9258,22.36331600860739
9259,20.67813570609569
9260,21.318299602453127
9261,21.232798260131414
9262,21.585118077063424
9263,22.88810424747977
9264,22.139349992470237
9265,22.382316306901103
9266,21.524009498646404
9267,21.585118077063427
9268,27.241642595518435
9269,22.643570408439672
9270,21.242298409278273
9271,20.781351172672775
9272,22.089711713177913
9273,20.445552567495206
9274,20.805038211212267
9275,19.294292826715257
9276,23.584085173978508
9277,19.781029314350956
9278,23.552734681793883
9279,20.250482838346407
9280,20.808820175348828
9281,21.564881251420434
9282,22.34887578190417
9283,22.03119079443327
9284,21.97625278908116
9285,21.774599073783705
9286,21.408039472855744
9287,20.296083554251318
9288,26.71350738102355
9289,21.800322554550576
9290,21.37014327351169
9291,21.342524982777615
9292,21.044695307023648
9293,21.981030006937868
9294,22.098071844427146
9295,20.225402444598704
9296,21.08649596326982
9297,25.968812612822546
9298,22.61719618485578
9299,20.600965263795068
9300,21.758093173624957
9301,22.150090438866822
9302,19.372669057176825
9303,20.485611529731116
9304,20.59882164039783
9305,23.54750959976311
9306,23.10188474656733
9307,22.386496372525723
9308,18.973240564157862
9309,21.69028322015895
9310,22.00843265936591
9311,21.232798260131414
9312,20.877492682038966
9313,22.26388111420362
9314,22.212501140901036
9315,19.599320882494727
9316,19.19649033157749
9317,18.065592461916907
9318,19.423006107031615
9319,19.562511466843848
9320,19.687955829206413
9321,21.06875925192559
9322,20.223585981317534
9323,17.779821168208546
9324,18.275718413173053
9325,18.429950861395064
9326,19.13261204239562
9327,19.761308888554012
9328,19.70527530155237
9329,19.112920238963614
9330,19.81804289539317
9331,18.951623556380326
9332,19.352020079150734
9333,20.060528243142763
9334,19.96022812240983
9335,19.458727518745157
9336,19.028069378646844
9337,18.275298161270545
9338,19.9798398778604
9339,18.36310608819546
9340,18.434301704621074
9341,20.198370867166794
9342,19.794929040754994
9343,18.240930894576202
9344,18.04409496074993
9345,18.85356477912746
9346,17.86024210046203
9347,20.90999742208761
9348,19.8544108484952
9349,19.572662478981826
9350,18.380904992301865
9351,18.254005398209916
9352,19.436314083944506
9353,20.122725524714586
9354,20.513559794051016
9355,19.38372871768143
9356,19.444318882087593
9357,19.393888653786117
9358,20.41690185647319
9359,19.819380060537526
9360,19.90539525512965
9361,20.41690185647319
9362,19.833352071841833
9363,19.93552240450456
9364,19.80613575815532
9365,20.128889219284762
9366,19.384282896014412
9367,19.99184707507504
9368,17.164152131028036
9369,20.303433842794867
9370,17.262210908280903
9371,20.47405611521486
9372,19.582001410148763
9373,20.013460030061385
9374,18.88718493132844
9375,20.116188272897727
9376,18.349262496112704
9377,20.320844278756095
9378,21.11572073436506
9379,18.345900480892606
9380,18.312840664561637
9381,18.88478349188551
9382,18.28922651003952
9383,19.264477750472814
9384,18.716682730880592
9385,19.027778295078008
9386,18.56148970688141
9387,20.411957716443634
9388,19.444318882087593
9389,20.27783668146003
9390,19.583122081888803
9391,20.011592243827998
9392,19.35786706214221
9393,19.353064183256357
9394,18.960028594430568
9395,20.84555879703573
9396,20.363415250698896
9397,19.114120958685078
9398,19.99478216772751
9399,18.43331287661516
9400,19.122525996735327
9401,17.85168424353815
9402,20.427599177628046
9403,18.47413734714493
9404,19.91647882178932
9405,20.713879867581877
9406,20.102313289449697
9407,20.465090741294595
9408,19.658207088470995
9409,19.153559983382387
9410,20.366471628171713
9411,18.67629488570409
9412,19.382318081924744
9413,20.324446437920482
9414,21.035139099724606
9415,20.683461634638128
9416,19.311639352865857
9417,20.25930739303108
9418,20.467332084774664
9419,20.554744480497224
9420,19.465451549185357
9421,19.984042396885524
9422,19.66044843195106
9423,19.258984261551078
9424,19.18346252259961
9425,18.94831248078477
9426,19.936133679999127
9427,18.629990766990915
9428,20.98172041344971
9429,19.557186535905178
9430,19.791311635870446
9431,19.021632935088032
9432,19.602616212452826
9433,19.339435753475613
9434,20.117721613922694
9435,17.540870428163412
9436,20.032974195686005
9437,18.748521138036207
9438,20.1100173031739
9439,21.4299824181814
9440,18.90742254723
9441,18.447270549772984
9442,19.869343577885257
9443,19.075782373637704
9444,20.00649062748704
9445,19.764000456165267
9446,18.803525471987903
9447,20.02584400424782
9448,19.286619091896995
9449,19.037192031404928
9450,18.220173952466862
9451,21.071285854780715
9452,19.18550001331913
9453,19.626090284265544
9454,19.989174448280025
9455,18.41306260751599
9456,18.528226002563002
9457,18.90041219094204
9458,19.208673135493225
9459,18.059948364863125
9460,20.167283720123613
9461,19.053909783830523
9462,18.256537928801595
9463,20.050110622167686
9464,18.390992967350183
9465,19.69909206803477
9466,18.712106231762633
9467,18.883145943047616
9468,19.510525623033697
9469,19.74827583754713
9470,18.106006744339584
9471,18.44064965772324
9472,19.08618663257301
9473,19.65823170567065
9474,19.568307953649622
9475,19.741654945497388
9476,19.57574318001564
9477,19.535083113545465
9478,19.509923723756447
9479,19.5714034356469
9480,20.32051007898905
9481,17.892219099603015
9482,18.939202829068755
9483,19.2450880417668
9484,18.894180763130517
9485,20.333923834310603
9486,19.41533955161729
9487,18.87620977042408
9488,19.34440142251292
9489,19.474411666398748
9490,19.96235134715543
9491,19.490061047607224
9492,19.091152301610318
9493,19.931769131497102
9494,19.894881304362833
9495,20.08390413453017
9496,19.556269968104637
9497,20.516299315317113
9498,20.438654308551964
9499,19.273778573982344
9500,19.02450779610963
9501,19.14883045735133
9502,18.195676651882817
9503,19.523165507855932
9504,20.442523661048572
9505,19.695308701149198
9506,20.079320440034195
9507,20.473736437854487
9508,19.77570524746749
9509,18.232091558156394
9510,19.237448550940176
9511,19.950213045064235
9512,19.429963719771113
9513,18.563136160643456
9514,19.389092443848675
9515,18.055534436829962
9516,20.623557766522918
9517,19.59599532040308
9518,19.323370353649036
9519,18.96701057567767
9520,18.504493973917178
9521,20.870989960838966
9522,18.43071831964863
9523,19.109105105052887
9524,17.567795389165695
9525,19.00389840281194
9526,20.106405907510407
9527,20.146853538941553
9528,19.367101623826315
9529,20.00270726060147
9530,20.00528682893254
9531,18.02778974633581
9532,17.09660857162578
9533,18.50655762858203
9534,18.367157755971114
9535,19.16383163933816
9536,18.42460672698733
9537,17.887805171569852
9538,20.645406710287066
9539,18.94118909668368
9540,20.51107229527784
9541,19.999869735437297
9542,18.146965803231154
9543,18.606346192968083
9544,18.99879085751643
9545,21.580357537613413
9546,20.167229979427933
9547,21.39748220655412
9548,20.84052265398618
9549,21.488534059149043
9550,21.096013914944194
9551,21.182893052260482
9552,20.011487819850693
9553,21.5967545873392
9554,18.735703653757934
9555,22.39365120401215
9556,19.72683503661114
9557,19.381513169386192
9558,22.736349543280973
9559,21.167151884523737
9560,19.953770204815946
9561,20.761816815302435
9562,21.6465419928702
9563,18.90042373043178
9564,21.47303139395376
9565,17.807396395711223
9566,20.84778780832622
9567,19.363476414687835
9568,23.11209424430483
9569,19.661145932786628
9570,21.733833923046724
9571,19.802321090985092
9572,21.40326940057498
9573,17.8615066598063
9574,19.82915262690001
9575,20.407640541225565
9576,20.670867846156767
9577,19.415946973810335
9578,19.311005855565334
9579,20.26859355955094
9580,21.270453297796156
9581,20.75132270347793
9582,20.05543191311579
9583,21.868945612787158
9584,20.011487819850693
9585,21.032227589637305
9586,21.526950004220872
9587,19.176802310117406
9588,21.05666099560232
9589,20.737549181708275
9590,20.13273229039447
9591,19.352982302863335
9592,20.275152379441252
9593,20.55390222477953
9594,20.700538698041516
9595,21.10025192164255
9596,21.532259525084456
9597,20.869545432000812
9598,21.590851649437916
9599,21.97388673103216
9600,21.333507407196205
9601,19.373970526512334
9602,22.304451253503906
9603,20.620146305671685
9604,20.789721612653942
9605,21.327023119350102
9606,18.110145559284504
9607,20.504711075602188
9608,19.81663124347305
9609,21.369094496935986
9610,19.321499967389837
9611,21.17609572982871
9612,21.23473624600217
9613,20.902276465876508
9614,22.37649736737595
9615,21.144196014907646
9616,20.73426977176312
9617,21.21306362375592
9618,20.38993172752172
9619,19.95114667685982
9620,21.126010196120866
9621,20.958089500520032
9622,18.66299445040247
9623,19.266968064873236
9624,20.38819556931546
9625,20.929245599411498
9626,21.695136885693884
9627,19.479895467740878
9628,20.263192178464802
9629,19.693385055170545
9630,21.093365160757724
9631,20.404689072274923
9632,20.07666177749759
9633,20.80045422701991
9634,20.899783520759826
9635,21.868945612787158
9636,21.039254896662644
9637,20.18332890097688
9638,20.034349992039783
9639,21.50952228279804
9640,22.383812974176685
9641,20.288655832156604
9642,20.07182896284157
9643,19.26640588031121
9644,19.89891462027879
9645,18.681359146095346
9646,20.092101678866175
9647,21.555761963024743
9648,21.214937572296012
9649,20.56791424909065
9650,20.079324757001928
9651,18.70527954804825
9652,22.561556993204142
9653,21.848883340181498
9654,17.876264004559502
9655,20.160074903183954
9656,19.524167502000484
9657,22.424259030166944
9658,18.786300264340348
9659,22.216058542366767
9660,29.342622463555326
9661,30.992336190016324
9662,31.520487704925596
9663,30.4377203901796
9664,26.837821517619773
9665,29.43205393411064
9666,29.74223898228619
9667,28.304320963813804
9668,29.753051532985122
9669,32.673196344122715
9670,30.4101219216124
9671,30.405963248266662
9672,29.405386441281067
9673,27.58326371484408
9674,29.292032887799976
9675,28.89886002776965
9676,30.370094690659634
9677,28.423835564852244
9678,30.189072438388717
9679,28.971220943985568
9680,28.45845652045555
9681,28.36862917618751
9682,30.567017325110864
9683,28.826187211052808
9684,29.881970406703132
9685,30.917480069792962
9686,30.13564948079341
9687,32.06911268861391
9688,29.422852869333184
9689,29.727661737821638
9690,28.241373771807794
9691,27.436670479406665
9692,29.406990501000138
9693,28.94740308755086
9694,29.546677368202666
9695,29.766567221358788
9696,28.147803621528595
9697,33.99489834564226
9698,29.192910223108598
9699,28.54249952816086
9700,26.777936621441086
9701,29.877811733357394
9702,30.20634692767103
9703,30.449629318396955
9704,28.182558248775155
9705,29.3045089078372
9706,28.896364823762205
9707,29.28312144491624
9708,29.137945939028512
9709,27.933216076888296
9710,31.768968437333697
9711,29.861614795063446
9712,27.357874563382072
9713,26.814003661185065
9714,30.880052009681286
9715,27.219587730758914
9716,28.754969930006972
9717,30.065991702252227
9718,28.984588108311172
9719,28.7092245232038
9720,30.376852534846467
9721,28.35131869838586
9722,31.70079589927314
9723,30.965304813268997
9724,29.28624044992555
9725,27.11683069299776
9726,30.379451705687554
9727,30.103419762363913
9728,31.862538587612903
9729,29.13854638919073
9730,29.95586683307748
9731,30.36073767563171
9732,29.706682325180097
9733,28.142456755798356
9734,28.961863928957648
9735,30.271846032866474
9736,28.323715504053496
9737,30.253755803812496
9738,30.71536854518989
9739,28.250730786835717
9740,28.150142875285574
9741,28.928034720779785
9742,29.954558159646993
9743,29.976431701270705
9744,28.81165921403577
9745,28.75788100134899
9746,32.023687179760415
9747,28.600342893788003
9748,32.05393207682036
9749,28.573907690492344
9750,31.46767255343467
9751,28.624160750222718
9752,30.676871111932158
9753,27.066132684301024
9754,29.410150012568003
9755,29.61872638391764
9756,28.845326559973557
9757,30.79521507342814
9758,31.366616791133133
9759,29.947469511898575
9760,31.81135021128369
9761,30.40029233006792
9762,28.680302840390233
9763,30.600781099617205
9764,30.136169314961634
9765,28.079752603143717
9766,30.801037216112178
9767,30.655483649011202
9768,29.66631348891678
9769,29.06308981880515
9770,30.561913498732004
9771,28.716710135226144
9772,32.059035903199224
9773,29.37045358517683
9774,28.260087801863637
9775,28.230614293088085
9776,28.240785400838654
9777,28.18193827742468
9778,28.709164912752072
9779,28.131445992520106
9780,28.469635325226317
9781,28.12585188325729
9782,28.35436277071994
9783,28.57338062428206
9784,28.287728975072024
9785,28.04596956777018
9786,27.912365684787584
9787,28.473994371405134
9788,28.107834492384868
9789,28.266721725602586
9790,28.305401850077526
9791,28.44929310972519
9792,28.311520832013024
9793,28.015525279186484
9794,28.597236495187925
9795,28.42168581725938
9796,28.354120601487786
9797,28.219595593024984
9798,28.17271721820027
9799,27.953256008659277
9800,28.27384150102798
9801,28.356970747066235
9802,28.006849922575704
9803,28.36283869384541
9804,28.562700961143968
9805,28.271298724090343
9806,28.306897601217308
9807,28.245144447017466
9808,28.415147247991158
9809,28.197789354438548
9810,27.738702536424505
9811,28.27977464721581
9812,28.292658050366523
9813,28.183348557070772
9814,28.260110505564718
9815,28.21790040839989
9816,28.331522388402885
9817,27.94412809144724
9818,28.145084523367448
9819,28.26451798558996
9820,28.28516841647747
9821,28.099407003105824
9822,28.183028038969386
9823,28.146702654145948
9824,28.064640307522083
9825,28.37046702465833
9826,28.66242404940744
9827,28.609488056796557
9828,28.496334483071543
9829,28.570329291956895
9830,27.905138845070077
9831,28.390578078619672
9832,28.09898819278669
9833,28.092032949986674
9834,28.177215977397637
9835,28.435307836568164
9836,28.421456393776282
9837,28.52521316400618
9838,28.47934410989731
9839,27.98820289169968
9840,28.49252031766509
9841,28.23824262390101
9842,28.667971926362295
9843,27.937177834484352
9844,28.018474045719206
9845,28.32622270594338
9846,28.175181755847525
9847,28.15941653883415
9848,28.108924253929573
9849,27.84792636397316
9850,28.13246310329516
9851,28.300286381179447
9852,28.061519626734984
9853,28.008884144125815
9854,28.423865340348783
9855,28.104746834674877
9856,28.406065901785297
9857,28.408608678722942
9858,28.45310727513165
9859,28.493213802284437
9860,28.33371233983243
9861,28.191964083635952
9862,28.261127616339778
9863,28.212451600676374
9864,28.40454023562272
9865,28.29672649346675
9866,28.16450209270943
9867,28.69467108420752
9868,28.32058947703538
9869,27.840298033160238
9870,28.35775313997013
9871,28.524559307079357
9872,28.256042062464495
9873,28.22830267769023
9874,28.469635325226317
9875,28.297997881935572
9876,28.309440378154953
9877,28.455650052069295
9878,28.00557853410689
9879,28.289098162653826
9880,27.895330991167754
9881,28.315797320499055
9882,28.224003073050223
9883,28.160687927302973
9884,28.550495631843294
9885,28.189467539006266
9886,28.380638132408894
9887,27.931838002915306
9888,28.57425243351782
9889,28.555790590878146
9890,34.006997574383924
9891,34.61656111921865
9892,33.99339574321819
9893,33.012854847626194
9894,34.68860044724457
9895,33.7220068261495
9896,34.95459181226336
9897,35.044363897957204
9898,33.68282059826728
9899,36.6217876894347
9900,34.01946591961918
9901,35.568418039229805
9902,32.05109367834902
9903,34.17739829259909
9904,34.156617717207
9905,34.49949721117653
9906,31.71780938919096
9907,34.6054781456762
9908,34.14127206153284
9909,32.78153735697593
9910,30.760240475123325
9911,31.104990220878143
9912,34.80497166944029
9913,32.64972913591751
9914,35.494131115170795
9915,34.6630243544543
9916,32.04531125737035
9917,35.618531196040735
9918,34.203720354762396
9919,31.88381650003752
9920,34.28753534217718
9921,33.77841124507091
9922,34.55560476473518
9923,33.521865596139435
9924,34.15994260926973
9925,34.285701761995526
9926,33.54816246972651
9927,33.608010526855736
9928,38.113239271861495
9929,33.31170396950025
9930,33.419204156150435
9931,33.174112112668844
9932,33.703601173659365
9933,33.61355201362696
9934,32.741460533005466
9935,35.528135693085126
9936,34.195408124605564
9937,33.43153548660288
9938,31.348122952965632
9939,34.62082380135036
9940,34.99199684796913
9941,33.292145780895936
9942,33.06847122394831
9943,32.62972497762798
9944,32.40198149682737
9945,33.92907041666356
9946,32.293166847501496
9947,34.72184936787192
9948,35.91465439537806
9949,35.59910935057813
9950,35.36189108994839
9951,34.70522490755825
9952,33.26887153645678
9953,35.58798375021436
9954,32.02702435102531
9955,31.608087951120716
9956,37.1739572641389
9957,32.29260010453626
9958,32.54879491258448
9959,36.53391554206243
9960,32.59724333978434
9961,34.02837188050151
9962,34.4496238302355
9963,32.67959835856901
9964,35.21330997589492
9965,32.98267505813368
9966,31.86659830899835
9967,31.792619460602502
9968,32.55131826816782
9969,32.45427298108674
9970,32.450948089024
9971,31.779319892351563
9972,34.374813758823976
9973,34.35254885661816
9974,32.68179059509389
9975,34.68220642404701
9976,34.624660215268904
9977,34.480794693323645
9978,32.084605436293586
9979,36.805448393852444
9980,33.77425512999248
9981,33.56125423222353
9982,33.30253606859198
9983,35.719316986692384
9984,32.822504777034624
9985,33.419599976634096
9986,34.669601064028946
9987,34.514043613950996
9988,33.25390952217448
9989,35.87368697531936
9990,32.13099116821775
9991,34.569854302146915
9992,32.65376650485083
9993,34.77837253293842
9994,33.62938483297332
9995,30.87494925128768
9996,34.90471843132234
9997,35.39236926719012
9998,33.49995153481686
9999,36.01100069946867
10000,33.258896860268585
10001,34.03768888573224
10002,32.356642059608255
10003,32.90978319368142
10004,31.855317425214068
10005,31.570858372490278
10006,31.22315399207145
10007,32.85587768630788
10008,31.39853120149323
10009,32.33641801709663
10010,32.5041701304566
10011,33.79662391293447
10012,30.640873929169114
10013,33.0226766626601
10014,32.55449576446458
10015,32.67192224381655
10016,32.79392378080561
10017,32.3669184013439
10018,29.33594271677191
10019,32.100993176188055
10020,31.861120362576756
10021,33.99433176082299
10022,31.732946128775744
10023,31.67049296103135
10024,32.64142185956929
10025,31.80075501875404
10026,33.300230159310225
10027,32.32116782497301
10028,31.268904568442355
10029,30.155640543417164
10030,31.58675067796648
10031,34.08256501525258
10032,31.40996884558595
10033,31.612033891224087
10034,33.11652399880554
10035,32.458419554085694
10036,31.50375752714629
10037,29.952902695185344
10038,33.37914990355002
10039,32.98302616313866
10040,34.3433433005667
10041,32.042851818716706
10042,31.666362700664536
10043,29.924541478159043
10044,31.87382885601311
10045,33.431659087793896
10046,32.70242262806382
10047,35.451269758348616
10048,31.265092020411437
10049,30.350080492993484
10050,31.844054671390786
10051,32.35346234947011
10052,31.600596247131357
10053,32.37835604543662
10054,32.915925317794674
10055,32.50768940556205
10056,33.24634614714005
10057,32.241104316323934
10058,32.256578775978795
10059,31.075735468209672
10060,32.700244029189015
10061,32.59109622556131
10062,32.154505011050446
10063,32.1090515163443
10064,31.89225617149583
10065,31.631096631378625
10066,35.06620240722688
10067,30.33101775283894
10068,32.06572710690216
10069,32.741241298923974
10070,30.80224868945919
10071,34.84160866867884
10072,33.2514295445146
10073,31.293859428281024
10074,33.068427239031
10075,31.866929959576225
10076,31.465983974347754
10077,32.10004003918033
10078,33.12637796910081
10079,30.536895346507976
10080,33.55643338698725
10081,31.881962291812382
10082,32.48456274058335
10083,33.27866203044965
10084,32.62235911941475
10085,32.91135026015759
10086,32.89305002960923
10087,32.09241494311851
10088,32.42639415062607
10089,33.51449535864726
10090,32.72377289703691
10091,32.79856514362585
10092,32.466044650147516
10093,33.65810133447813
10094,34.32046801238124
10095,33.61362160745087
10096,32.98781908066323
10097,31.589158603038637
10098,33.56024593501816
10099,34.12069049556166
10100,34.35961017216523
10101,33.08062739272991
10102,35.35500292056818
10103,31.256427138523016
10104,32.38598114149844
10105,31.432299484052702
10106,31.720691510104963
10107,33.28462113913662
10108,30.729047767265754
10109,33.258060062829216
10110,31.487099624980484
10111,31.490032354235026
10112,31.20485376152309
10113,32.26016705647847
10114,32.780961117500524
10115,29.83919905685179
10116,33.3345430915884
10117,32.790111232774706
10118,32.48701366431751
10119,31.58610856461391
10120,41.352966056448466
10121,36.18132290504082
10122,33.89598725848907
10123,34.787803786186416
10124,36.33629722857262
10125,36.600003537163
10126,35.81263399018696
10127,31.394615976599226
10128,32.121058118154494
10129,28.71813634438766
10130,33.37345478513688
10131,33.2984672092344
10132,37.48735651867568
10133,35.690332824726966
10134,33.93482011029571
10135,31.66457124984815
10136,30.41227873227675
10137,35.25070786050749
10138,32.05343539345672
10139,36.49845786146173
10140,35.75543192908188
10141,32.51630513280715
10142,33.30679916211245
10143,32.71712413342477
10144,38.157918495495935
10145,31.797674197075054
10146,33.18628341512632
10147,32.67208289465218
10148,36.93900986988879
10149,32.05343539345672
10150,37.57841286084297
10151,34.66594897534488
10152,32.26447185706798
10153,33.503641548856464
10154,32.35695653401438
10155,33.66154807888187
10156,37.415493425102454
10157,34.391440884987595
10158,34.56596554080825
10159,33.70192600436783
10160,32.09677236914062
10161,36.64374628977278
10162,33.40365811431981
10163,31.69677179714745
10164,34.42411404305939
10165,34.19415214362512
10166,29.98110017083749
10167,31.21964496616011
10168,33.44795224616418
10169,32.9068654239659
10170,31.86953729064826
10171,35.822291481022894
10172,31.453200020273037
10173,36.64374628977278
10174,28.3701170818659
10175,32.52283814131381
10176,31.824691779569328
10177,32.75564047922923
10178,32.038259336428844
10179,38.17522332070418
10180,39.01121118612248
10181,37.699821317066025
10182,37.551095958192775
10183,35.70640159099178
10184,30.215644644354697
10185,33.22892744867526
10186,37.95837222981313
10187,32.27401573036467
10188,34.04167740595675
10189,34.16665669912754
10190,35.59103608960335
10191,34.76905689221079
10192,31.23392831395106
10193,32.35070756935583
10194,33.89567218464074
10195,35.32043612678785
10196,33.399091563223195
10197,33.0412181641245
10198,33.00919222024949
10199,30.273210864239424
10200,38.98855010549261
10201,31.55458947185785
10202,35.0690071958207
10203,29.104816783862805
10204,33.98918610282501
10205,35.375206464089175
10206,31.16965324889179
10207,37.61590664879421
10208,34.687252263953546
10209,34.47144995034783
10210,31.140811873544678
10211,37.05201198079739
10212,32.511395232004006
10213,32.45147212447479
10214,31.116090694675734
10215,39.89070832635012
10216,39.622798168807634
10217,32.83687701979024
10218,35.85169001930284
10219,33.770358722236864
10220,33.49114361953938
10221,35.521816788770295
10222,37.91853508011493
10223,35.097127536784136
10224,31.89703273514584
10225,37.38496963619343
10226,39.818220336311065
10227,32.81361164367691
10228,37.73481551915384
10229,30.617958940466405
10230,34.91099766088334
10231,32.93186128260005
10232,34.757127050589936
10233,37.33363198807559
10234,34.02667989077625
10235,27.944145245593308
10236,27.28650202445209
10237,27.0393650837904
10238,27.788094311763185
10239,27.402783364034505
10240,27.73301751158785
10241,28.075717601567717
10242,27.52334123171807
10243,27.30527005495547
10244,27.724073415832883
10245,27.487996362089888
10246,27.32737250712189
10247,27.663831531120685
10248,27.41964071799763
10249,27.689840020092372
10250,27.239748669276803
10251,27.543903498640134
10252,26.977496405478963
10253,27.8617850305163
10254,27.43009511062351
10255,27.448250055866488
10256,27.34486631220404
10257,26.882131945916115
10258,27.16215667717794
10259,27.63604468392871
10260,27.234580315699095
10261,27.05052023989947
10262,27.371958488216208
10263,27.15117531516767
10264,27.495643302437117
10265,27.435121961433158
10266,27.192376064364087
10267,27.17256007276661
10268,27.186431266884846
10269,27.028068467368357
10270,27.384734588061946
10271,27.512495586519357
10272,27.514138227928093
10273,27.170083073816926
10274,27.65411118675753
10275,27.84678013303263
10276,27.42521396563442
10277,26.9285756762227
10278,27.732609535290255
10279,27.681892981795464
10280,27.225540328079305
10281,27.813435916402263
10282,27.285263524977253
10283,28.0438444533181
10284,27.350539732592466
10285,27.682976668835952
10286,27.706128164700907
10287,27.403168674982226
10288,27.248108540731987
10289,27.368490689686652
10290,27.382157895656086
10291,26.827514119075573
10292,27.522229757830395
10293,27.401161002149323
10294,27.288153357085218
10295,26.95293283256126
10296,26.918477142043216
10297,27.609285950082846
10298,27.55835265917996
10299,27.126060047029352
10300,27.40121803830936
10301,27.226941458798322
10302,27.312235291318256
10303,26.879531097018944
10304,27.47714837694614
10305,27.64938237058086
10306,27.460229723514054
10307,27.2773821646828
10308,27.23671434556344
10309,27.393632229025947
10310,28.00425375343898
10311,27.72245383959655
10312,27.624818797663153
10313,27.673223485471574
10314,27.68406035587644
10315,27.878790580997787
10316,27.62213538213433
10317,27.269658431594245
10318,27.23902621124981
10319,27.06785923254726
10320,27.428310214321527
10321,27.86322994657028
10322,27.073727814674207
10323,27.1237941559447
10324,27.072860865041815
10325,27.537917417845062
10326,27.723467157348693
10327,27.59303064447554
10328,27.462654757450807
10329,27.423975466159582
10330,26.846587010988145
10331,27.1898990654144
10332,27.766026502938722
10333,27.10065425031548
10334,27.319941510272834
10335,27.44131445880737
10336,27.1898990654144
10337,27.09701160480124
10338,27.32861100659673
10339,27.29219912203637
10340,27.619039133447227
10341,27.40490257424701
10342,27.380171695259897
10343,27.332551686743955
10344,27.343060167136557
10345,27.306070316154603
10346,27.87652317426692
10347,27.40085680929586
10348,27.965337347718382
10349,27.747636662251672
10350,28.714723647706286
10351,27.82168626468291
10352,28.074605873731024
10353,27.419530488467966
10354,28.12394656551153
10355,29.979321692946854
10356,27.960772624190167
10357,28.97478211668721
10358,28.346562442599968
10359,28.980609757448683
10360,29.5356925399794
10361,28.902260364988827
10362,28.75624558813181
10363,29.029173430461
10364,28.219131364615663
10365,28.70735815729942
10366,28.291491237403996
10367,28.648434234044487
10368,29.18166336371965
10369,28.829738613290445
10370,29.040051693215755
10371,28.868091462746317
10372,29.034118095349527
10373,28.540887772719042
10374,28.908029140692108
10375,29.204709034003677
10376,29.443907197986128
10377,27.43992723113314
10378,29.78045345196144
10379,27.966600264951644
10380,28.817435816127322
10381,29.24401911986746
10382,28.852401660696188
10383,31.650834754357565
10384,28.986437398210164
10385,28.532852692275185
10386,29.356757479325857
10387,28.330827812543973
10388,27.788062543440937
10389,27.55956197176539
10390,28.494001753865337
10391,28.635882392404383
10392,28.889115797493496
10393,27.64219492922941
10394,26.9419067643919
10395,28.165711324302116
10396,28.43222876179368
10397,30.26097671298501
10398,30.95326615520873
10399,27.020774169363886
10400,29.34563198332667
10401,29.413312083988373
10402,28.819766872431913
10403,28.689227719374827
10404,29.392130851220692
10405,29.836244542192638
10406,28.016135211424206
10407,29.070766788052715
10408,29.418411269654666
10409,27.047289934828612
10410,28.603561400181107
10411,28.611720097247172
10412,29.143055243674866
10413,30.00403313117581
10414,30.015015992610905
10415,28.786678823219525
10416,29.330268203137322
10417,28.33908363695607
10418,28.919590930652042
10419,27.04389047771775
10420,29.38563079037136
10421,29.148154429341155
10422,28.811608175365848
10423,28.262465103611262
10424,29.757275335296477
10425,28.290034327213633
10426,27.739322275254036
10427,28.716423376261716
10428,28.373078208064683
10429,27.857040618635875
10430,28.849002203585325
10431,30.231963164594987
10432,28.143222608030264
10433,29.539614990491927
10434,28.631436948490173
10435,28.574046113736216
10436,28.223016458456648
10437,28.5759124823461
10438,27.982140640315585
10439,28.573646177605525
10440,28.12200401859104
10441,28.841276164697007
10442,28.550529869251665
10443,28.310431069878803
10444,28.4963857887223
10445,28.770814690035508
10446,28.032823455422978
10447,28.532852692275185
10448,28.036531954089373
10449,28.805780534604366
10450,29.959653405376862
10451,28.158912410080394
10452,30.272014950192045
10453,29.01557560201755
10454,29.077839342784912
10455,28.759689194036323
10456,28.63755597128973
10457,29.623769383306268
10458,28.819766872431913
10459,29.151553886452014
10460,28.918691074357994
10461,27.93114878365266
10462,29.147021276970868
10463,28.46826300716881
10464,28.422501084522597
10465,29.952199054118363
10466,29.754662849408852
10467,29.90612592610774
10468,31.225272328096068
10469,30.301869846704243
10470,31.87663817025433
10471,29.39204681356817
10472,31.125504953155776
10473,29.7521446824933
10474,30.536600309410986
10475,30.135683265669435
10476,29.304750360495415
10477,29.06104776233397
10478,30.413568466191485
10479,30.735442230298936
10480,31.957219511552253
10481,31.018157213943052
10482,30.68902268779199
10483,30.853454102045436
10484,27.883065267596237
10485,30.741504483984535
10486,31.37561621949915
10487,30.49198212228491
10488,28.761572430264927
10489,31.963934623327084
10490,31.63265577576893
10491,30.10787772876478
10492,30.265011344295743
10493,29.516378125520284
10494,30.49780188582309
10495,30.843754496148463
10496,30.955446927689366
10497,30.477656550498608
10498,30.958092274752175
10499,31.368687929572737
10500,31.17155143389745
10501,29.162166153809913
10502,30.661813403717368
10503,29.563002367502325
10504,31.298019372323367
10505,29.963302550342526
10506,30.807307492171958
10507,29.421145631259094
10508,31.260190909325168
10509,30.191145114772645
10510,30.32097060908597
10511,31.373999618516322
10512,31.690853411150773
10513,31.234971933993045
10514,31.914690470311683
10515,30.90726382047388
10516,30.01559290694501
10517,29.804720955366662
10518,30.70149360965953
10519,30.12533701937933
10520,30.761307846024188
10521,28.816785571524626
10522,30.79848966862926
10523,30.134066664686607
10524,32.19896353544605
10525,30.5327204670522
10526,29.91946288421608
10527,30.689511743551503
10528,31.33843439689408
10529,32.04973882933877
10530,30.119517255841146
10531,29.75786052168258
10532,29.42842033568182
10533,30.168015285326014
10534,28.449692794500727
10535,30.41050543275034
10536,30.266951265475136
10537,30.526900703514013
10538,30.28683545756393
10539,30.358774201299816
10540,31.47843204200706
10541,30.880936318753527
10542,30.26016154134725
10543,30.192264300068445
10544,31.09097009259952
10545,29.983722773283525
10546,30.70149360965953
10547,31.339589111881814
10548,31.946923006830858
10549,28.693675188986123
10550,29.918063902596327
10551,30.987631983620233
10552,29.43387636399887
10553,29.301840478726326
10554,30.756053892830003
10555,29.226407389789102
10556,30.905185333495965
10557,31.339589111881818
10558,30.119517255841146
10559,30.529139074105622
10560,31.39986523424158
10561,30.972336451244235
10562,29.188355089731743
10563,29.273226641330258
10564,30.472582910490964
10565,28.8839366892729
10566,30.311569452601212
10567,31.952742770369035
10568,29.425510453912736
10569,29.665575699862814
10570,30.547685573293244
10571,31.528731426872795
10572,30.458121679880932
10573,30.466464697540566
10574,30.796549747449866
10575,30.066610314584928
10576,31.45806286962342
10577,30.16524396935545
10578,30.368935693191876
10579,32.01094040575088
10580,33.38460535407813
10581,31.55212447104666
10582,31.60301573802041
10583,30.048608690453285
10584,29.46395908664806
10585,29.563906429276113
10586,30.06370588399997
10587,30.818047943269974
10588,32.76284253505128
10589,32.22514088969238
10590,31.8744028892157
10591,33.00343141141131
10592,31.1301716361381
10593,31.662800624465298
10594,31.288204412894522
10595,30.52266056781933
10596,32.556554482429306
10597,34.14115591708982
10598,30.89103209035855
10599,33.006330072572275
10600,29.83302076660656
10601,32.89887256239082
10602,30.94538198712663
10603,32.08756597151431
10604,30.724359073603093
10605,32.33801816548994
10606,30.962773954092413
10607,32.33130435471271
10608,32.161147370215716
10609,35.76295683664937
10610,33.21273179818094
10611,33.423737279751144
10612,31.072389114310987
10613,33.09763789914265
10614,34.12443287193041
10615,32.26717147652637
10616,33.45091222813518
10617,29.991929512395135
10618,32.31862271213348
10619,33.81360720590085
10620,32.01459268354598
10621,32.38505036373892
10622,34.41652872738143
10623,32.21354624504853
10624,32.57859638500748
10625,32.1671676664731
10626,30.151234083762418
10627,30.562424252976147
10628,32.55655448242931
10629,31.625532123824332
10630,32.240462384400345
10631,32.68892667544668
10632,31.31953811856163
10633,31.96716004636656
10634,31.89262304508462
10635,33.097637899142654
10636,32.599595208758785
10637,30.37512614719076
10638,32.02803193074681
10639,30.007665101554657
10640,31.923680128952093
10641,30.094417889157803
10642,30.76948595758629
10643,32.062815864678385
10644,32.48348406566333
10645,30.762766333985873
10646,31.469858490938613
10647,32.719362617636804
10648,33.18855045373653
10649,30.988861904541096
10650,31.959007561851344
10651,30.883267819391676
10652,30.43086963105545
10653,31.682125032205064
10654,30.723256322074466
10655,28.669932975769612
10656,32.80958344627183
10657,30.53232277168921
10658,30.604789300713314
10659,30.737644603924178
10660,31.978030025720173
10661,31.978030025720173
10662,31.97295736868849
10663,32.9961847585089
10664,32.93821153528962
10665,30.88306077216589
10666,31.63562567608126
10667,29.662724423399904
10668,31.960470828302796
10669,29.973295262074654
10670,30.672424727802486
10671,32.355373594709995
10672,31.162781574198952
10673,33.1302478372035
10674,31.097561698077257
10675,33.27155756880052
10676,29.985718095621646
10677,33.05415798172818
10678,31.448506745779717
10679,32.220366624250794
10680,32.715014625895364
10681,30.896885156164338
10682,30.708800083547917
10683,30.852987162620884
10684,30.839239835791307
10685,34.46290730595686
10686,33.53533573444827
10687,32.82094751559605
10688,30.698995788444655
10689,31.89831684379366
10690,30.800067526294068
10691,29.42793286936179
10692,31.68816390962374
10693,30.690431562287262
10694,32.89956271981009
10695,28.419254951605282
10696,29.772788253244194
10697,28.578746363771792
10698,29.248360845937153
10699,28.754782109648175
10700,29.259218556233364
10701,28.467273871397346
10702,28.554736903875757
10703,28.51389938503474
10704,28.26849425212824
10705,28.448899284742225
10706,28.5723152584425
10707,29.509869535370083
10708,28.72773363723379
10709,29.752208716190445
10710,29.381919962674832
10711,28.932457156883004
10712,28.154905898260175
10713,29.444801881450157
10714,27.897378999139846
10715,28.809730230182296
10716,28.549959511345424
10717,28.798664946012778
10718,29.361692212579268
10719,28.150006008485477
10720,28.987478835811416
10721,29.81351858699639
10722,30.359856296875527
10723,29.278450623599063
10724,28.26515341819094
10725,29.552522895715846
10726,28.97747489418807
10727,31.102857764530157
10728,29.87354223673647
10729,29.269554261226872
10730,27.934976230295725
10731,28.502892300913445
10732,28.806836232784114
10733,28.834765604499907
10734,29.35476640684003
10735,28.945748107896883
10736,28.44388803383628
10737,30.383743259527193
10738,28.853140191155035
10739,29.467096379925046
10740,29.53912475961315
10741,29.161833246961187
10742,29.268405849560928
10743,30.57199925189382
10744,29.965226712713083
10745,29.767346548734785
10746,30.058513075731426
10747,28.88658193886737
10748,28.451443458279087
10749,30.133644718943508
10750,28.301494267353306
10751,29.444801881450157
10752,28.88658193886737
10753,29.784364242836922
10754,28.710048097578227
10755,28.51872271403171
10756,29.148971036302594
10757,27.845930156505485
10758,29.621197913339387
10759,29.11038440432683
10760,28.639627494222445
10761,28.754919673398533
10762,28.846709085825744
10763,28.562821722004017
10764,28.61172639110151
10765,29.37405972282791
10766,29.614583062143538
10767,28.977222693979073
10768,27.24833206129102
10769,28.70736847035769
10770,28.267909606189214
10771,29.591798574691175
10772,29.4260932114013
10773,28.92516857084314
10774,28.842850422628164
10775,30.675286701121884
10776,29.37304428514434
10777,29.8349556047607
10778,29.108045820570716
10779,28.278628115071367
10780,28.735542836562217
10781,28.335793495776215
10782,29.464809764696852
10783,28.60232708331254
10784,28.741667698780596
10785,29.52197514540169
10786,29.19613247538409
10787,29.592288563668646
10788,29.064871966611815
10789,27.91971118907454
10790,29.461447095243624
10791,28.32875775661254
10792,28.8570977944346
10793,28.865013000993734
10794,29.697758691069083
10795,28.69695620458645
10796,29.643581500719264
10797,29.924991079370834
10798,30.23154043340055
10799,31.084733740420326
10800,29.68367150796682
10801,28.77339448507178
10802,28.58817865158809
10803,28.76396219725548
10804,28.401125359438893
10805,26.91866370810317
10806,29.005771757636964
10807,27.98910227514861
10808,30.039679124409922
10809,29.037750744137142
10810,29.24440464000049
10811,28.473158991752666
10812,28.389892955090865
10813,28.84336868076652
10814,28.70721150108114
10815,28.186300275854194
10816,28.54934294602292
10817,28.311825029388288
10818,28.04603378965264
10819,28.6175509628425
10820,28.56749507953136
10821,28.03035694707718
10822,29.149683506965566
10823,28.472983971181648
10824,28.691409643812086
10825,28.908599877117688
10826,28.17731588654194
10827,27.563577084172223
10828,28.04273340174202
10829,28.741815568265263
10830,28.186300275854194
10831,29.46994489884282
10832,28.39037426166116
10833,28.901434329033663
10834,28.691259626179786
10835,28.737465056928535
10836,28.098221173489396
10837,28.618834447029965
10838,28.949578449184454
10839,27.61681834187589
10840,28.51358874365782
10841,28.39191444268612
10842,28.101590319481495
10843,28.85242856914863
10844,28.215178670072167
10845,28.789009350473876
10846,28.003128746814518
10847,28.274379378218995
10848,28.46208894063578
10849,27.766600946553083
10850,28.559409129150325
10851,27.995702874015613
10852,28.434012724034975
10853,28.86629019837325
10854,28.188225502135396
10855,28.642134621510095
10856,27.68959189530517
10857,28.58429705434908
10858,27.687941701349853
10859,28.837026758899043
10860,29.174326403364894
10861,28.029971901820936
10862,29.062553266125065
10863,28.81546422454963
10864,28.781720258457362
10865,28.613700510280104
10866,28.915686004102266
10867,28.00462892313753
10868,28.971792598582887
10869,28.365346320005592
10870,28.52128964878261
10871,27.718470289523136
10872,29.165598710890134
10873,28.55883156126597
10874,28.716892638952306
10875,28.804297912118685
10876,28.049609209889155
10877,28.736144901764277
10878,28.726133725102052
10879,28.675789057848732
10880,28.552093269281773
10881,28.292187721320076
10882,28.320160126699832
10883,28.86269644264835
10884,28.862498983542586
10885,28.393545222594895
10886,28.268809973619817
10887,28.716774163488843
10888,28.359570641162
10889,28.332136166654927
10890,28.066936246419928
10891,29.060806001937095
10892,28.585977251830855
10893,28.215622953060134
10894,28.238923127540268
10895,28.029531850099517
10896,28.925587167834145
10897,29.11233411711033
10898,28.723053363052134
10899,29.19896929976423
10900,28.53449120042511
10901,28.451981502659493
10902,27.454714288999043
10903,28.317215662975645
10904,27.740129085186613
10905,29.202049661814144
10906,28.151646202792634
10907,29.48929342296885
10908,27.790403744211524
10909,27.66978956784142
10910,28.918112759918902
10911,27.40311822466294
10912,28.125655647996464
10913,28.667256805011604
10914,27.87903416137503
10915,28.272293716414367
10916,28.21740008501201
10917,28.12689329346295
10918,29.231394163447554
10919,28.245500984001026
10920,28.20140589744513
10921,28.01534018208383
10922,27.801805084266412
10923,27.783286240990126
10924,28.535880837440104
10925,30.485955955903492
10926,29.8568686806787
10927,28.699165419194244
10928,30.18996525517386
10929,29.4049925344484
10930,29.49037681979457
10931,29.22743010724075
10932,28.26459855144028
10933,29.50105525224474
10934,28.281296194634763
10935,29.774976276759816
10936,28.8008497848017
10937,28.373775449250388
10938,30.074366186904335
10939,30.50360070706472
10940,28.68774822726639
10941,28.602832862302975
10942,30.739988476298258
10943,29.924437698360826
10944,30.4224478258048
10945,29.67961677599876
10946,28.726994824518393
10947,30.136019023314752
10948,29.38749035561394
10949,29.20515460690598
10950,29.84036564871026
10951,29.59141896835608
10952,28.292427956764424
10953,28.8361717223285
10954,28.747688484887625
10955,30.119178665221163
10956,29.80767096273504
10957,30.088494961915057
10958,30.31070205981092
10959,29.867388807526513
10960,30.722454931551912
10961,29.56187698424276
10962,29.284735628263245
10963,31.74413050635307
10964,29.31997523027134
10965,30.73911023076534
10966,30.649364515370912
10967,30.219690729871736
10968,29.902252018591923
10969,30.112042920266255
10970,30.156174758295073
10971,28.851980141920915
10972,30.349969044905656
10973,30.188605266135397
10974,29.393418512961095
10975,30.56758887818765
10976,30.605020957436835
10977,29.50641278482051
10978,30.258682479089636
10979,30.4145985063544
10980,30.555802306520953
10981,28.825896249593427
10982,29.325969256033463
10983,30.185995186162586
10984,30.46026727406582
10985,30.826056538523623
10986,28.741321204774017
10987,30.83732003748322
10988,27.946701113699078
10989,29.873709038772283
10990,29.32265113462943
10991,29.96304856560775
10992,29.601123581494758
10993,29.483526504637858
10994,30.843841010565086
10995,29.69180243276791
10996,29.976106978875237
10997,29.88726695418661
10998,29.64886820228397
10999,28.611979589926992
11000,30.35822612121062
11001,30.372821963163844
11002,28.628827361781568
11003,28.680063578853407
11004,28.82916571819095
11005,30.331823864877457
11006,30.250401259286704
11007,29.06553495302201
11008,29.107330030615046
11009,29.876563336754252
11010,29.634355765141905
11011,30.037117598239707
11012,30.01571036337498
11013,29.89711428222439
11014,31.10962006496255
11015,29.817012301585102
11016,30.500798305409702
11017,29.202819272193466
11018,30.36464829167004
11019,29.590484834471074
11020,29.944737146246542
11021,29.43251612213162
11022,29.755255672520796
11023,30.346095354787273
11024,30.03803505116248
11025,30.355015035980912
11026,30.112042920266255
11027,30.88270337539644
11028,30.760846807704915
11029,29.524628395578134
11030,28.682039631302466
11031,28.694883972221298
11032,29.889407677673088
11033,30.439879431337506
11034,29.138727308416648
11035,29.515754123670575
11036,29.459122256892066
11037,29.724266151573765
11038,29.3306788477037
11039,31.305139476727064
